acciano01,Noel Acciari,2016-2024
addisca01,Calen Addison,2021-2024
afanaeg01,Egor Afanasyev,2023-2024
ahose01,Sebastian Aho,2017-2024
ahose02,Sebastian Aho,2018-2024
alexani01,Nikita Alexandrov,2023-2024
alexeal01,Alexander Alexeyev,2022-2024
allenja01,Jake Allen,2013-2024
allenja01,Jake Allen,2013-2024
amadimi01,Michael Amadio,2018-2024
amanni01,Nils Åman,2023-2024
anderfr01,Frederik Andersen,2014-2024
anderfr01,Frederik Andersen,2014-2024
anderja01,Jaret Anderson-Dolan,2019-2024
anderjo05,Josh Anderson,2015-2024
anderjo08,Joey Anderson,2019-2024
andermi02,Michael Anderson,2020-2024
anderra01,Rasmus Andersson,2017-2024
andraem01,Emil Andrae,2024
anglety01,Tyler Angle,2023-2024
annunju01,Justus Annunen,2022-2024
annunju01,Justus Annunen,2022-2024
appleke01,Kenneth Appleby,2018-2024
appleke01,Kenneth Appleby,2018-2024
applema01,Mason Appleton,2019-2024
armiajo01,Joel Armia,2015-2024
arvidvi01,Viktor Arvidsson,2015-2024
askarya01,Yaroslav Askarov,2023-2024
askarya01,Yaroslav Askarov,2023-2024
astonza01,Zach Aston-Reese,2018-2024
athanan01,Andreas Athanasiou,2016-2024
atkinca01,Cam Atkinson,2012-2024
attarro01,Ronald Attard,2022-2024
aubekni01,Nicolas Aubé-Kubel,2019-2024
audymjo01,Jonathan Marchessault,2013-2024
backlmi01,Mikael Backlund,2009-2024
backsni02,Nicklas Bäckström,2008-2024
bahlke01,Kevin Bahl,2021-2024
baileju01,Justin Bailey,2016-2024
bainsar01,Arshdeep Bains,2024
balinuv01,Uvis Balinskis,2024
barabal01,Alexander Barabanov,2021-2024
barbaiv01,Ivan Barbashev,2017-2024
barkoal01,Aleksander Barkov,2014-2024
barreal01,Alex Barré-Boulet,2021-2024
barrity01,Tyson Barrie,2012-2024
barroju01,Justin Barron,2022-2024
barromo01,Morgan Barron,2021-2024
barzama01,Mathew Barzal,2017-2024
bastina01,Nathan Bastian,2019-2024
bathedr01,Drake Batherson,2019-2024
beanja01,Jake Bean,2019-2024
bearet01,Ethan Bear,2018-2024
beauvan01,Anthony Beauvillier,2017-2024
beckmad01,Adam Beckman,2022-2024
bedarco01,Connor Bedard,2024
beechjo01,John Beecher,2024
bellepi01,Pierre-Édouard Bellemare,2015-2024
belpelo01,Louis Belpedio,2018-2024
bemstem01,Emil Bemström,2020-2024
beniema01,Matthew Beniers,2022-2024
bennesa01,Sam Bennett,2015-2024
bennima01,Matt Benning,2017-2024
bennja01,Jamie Benn,2010-2024
benoisi01,Simon Benoit,2021-2024
bensoza01,Zach Benson,2024
berggjo02,Jonatan Berggren,2023-2024
bernaja01,Jacob Bernard-Docker,2021-2024
bertuty01,Tyler Bertuzzi,2017-2024
binnijo01,Jordan Binnington,2016-2024
binnijo01,Jordan Binnington,2016-2024
birobr01,Brandon Biro,2022-2024
bjorkol01,Oliver Bjorkstrand,2016-2024
bjornto01,Tobias Björnfot,2020-2024
bjugsni01,Nick Bjugstad,2013-2024
blackco01,Colin Blackwell,2019-2024
blackma01,Mackenzie Blackwood,2019-2024
blackma01,Mackenzie Blackwood,2019-2024
blaissa01,Sammy Blais,2018-2024
blakeja02,Jackson Blake,2024
blankni01,Nick Blankenburg,2022-2024
blidhan01,Anton Blidh,2017-2024
bluegte01,Teddy Blueger,2019-2024
bobrose01,Sergei Bobrovsky,2011-2024
bobrose01,Sergei Bobrovsky,2011-2024
boesebr01,Brock Boeser,2017-2024
bogosza01,Zach Bogosian,2009-2024
boldusa01,Samuel Bolduc,2023-2024
bolduza01,Zachary Bolduc,2024
boldyma01,Matt Boldy,2022-2024
boninni01,Nick Bonino,2010-2024
boqviad01,Adam Boqvist,2020-2024
boqvije01,Jesper Boqvist,2020-2024
bordeth01,Thomas Bordeleau,2022-2024
borgewi01,William Borgen,2019-2024
borturo01,Robert Bortuzzo,2012-2024
bouchev01,Evan Bouchard,2019-2024
bourqma01,Mavrik Bourque,2024
bowersh01,Shane Bowers,2023-2024
boydtr01,Travis Boyd,2018-2024
branner01,Erik Brännström,2019-2024
brattje01,Jesper Bratt,2018-2024
brazeju01,Justin Brazeau,2024
brindga01,Gavin Brindley,2024
brinkbo01,Bobby Brink,2022-2024
brissbr01,Brendan Brisson,2024
brobeph01,Philip Broberg,2022-2024
brodijo01,Jonas Brodin,2013-2024
broditj01,T.J. Brodie,2011-2024
brodzjo01,Jonny Brodzinski,2017-2024
brossla01,Laurent Brossoit,2015-2024
brossla01,Laurent Brossoit,2015-2024
brownco02,Connor Brown,2016-2024
brownjo01,Josh Brown,2019-2024
brownpa02,Patrick Brown,2015-2024
brysoja01,Jacob Bryson,2021-2024
buchnpa01,Pavel Buchnevich,2017-2024
buntimi01,Michael Bunting,2019-2024
burakan01,André Burakovsky,2015-2024
burkeca01,Callahan Burke,2023-2024
burnsbr01,Brent Burns,2004-2024
burroky01,Kyle Burroughs,2021-2024
butleca01,Cameron Butler,2024
byfiequ01,Quinton Byfield,2021-2024
byrambo01,Bowen Byram,2021-2024
campbja01,Jack Campbell,2014-2024
carcomi01,Michael Carcone,2022-2024
carlide01,Declan Carlile,2024
carlobr01,Brandon Carlo,2017-2024
carlsjo01,John Carlson,2010-2024
carlsle01,Leo Carlsson,2024
carpery01,Ryan Carpenter,2016-2024
carrial01,Alexandre Carrier,2017-2024
carrisa01,Sam Carrick,2015-2024
carriwi01,William Carrier,2017-2024
carteje01,Jeff Carter,2006-2024
catesno01,Noah Cates,2022-2024
caufico01,Cole Caufield,2021-2024
cecico01,Cody Ceci,2014-2024
cernaer01,Erik ?ernák,2019-2024
chaboth01,Thomas Chabot,2017-2024
chaffmi01,Mitchell Chaffee,2022-2024
chartro01,Rourke Chartier,2019-2024
chatfja01,Jalen Chatfield,2021-2024
chiarbe01,Ben Chiarot,2014-2024
chibrni01,Nikita Chibrikov,2024
chinaye01,Yegor Chinakhov,2022-2024
chishde01,Declan Chisholm,2022-2024
chrisja01,Jake Christiansen,2022-2024
chronma01,Magnus Chrona,2024
chychja01,Jakob Chychrun,2017-2024
chytifi01,Filip Chytil,2018-2024
cirelan01,Anthony Cirelli,2018-2024
cizikca01,Casey Cizikas,2012-2024
claguka01,Kale Clague,2020-2024
clarkbr02,Brandt Clarke,2023-2024
clarkgr01,Graeme Clarke,2024
cliftco01,Connor Clifton,2019-2024
cluttca01,Cal Clutterbuck,2008-2024
coghldy01,Dylan Coghlan,2021-2024
coglian01,Andrew Cogliano,2008-2024
colansa01,Sam Colangelo,2024
coleia01,Ian Cole,2011-2024
colembl01,Blake Coleman,2017-2024
coltoro01,Ross Colton,2021-2024
comphj.01,J.T. Compher,2017-2024
comrier01,Eric Comrie,2017-2024
comtoma01,Max Comtois,2019-2024
condolu01,Lucas Condotta,2023-2024
connoky01,Kyle Connor,2017-2024
coolede01,Devin Cooley,2024
coolelo01,Logan Cooley,2024
copleph01,Pheonix Copley,2016-2024
coppan01,Andrew Copp,2015-2024
cormilu01,Lukas Cormier,2024
coronma01,Matthew Coronato,2023-2024
cottepa01,Paul Cotter,2022-2024
cousini01,Nick Cousins,2015-2024
coutulo01,Logan Couture,2010-2024
coutuse01,Sean Couturier,2012-2024
coylech01,Charlie Coyle,2013-2024
cozendy01,Dylan Cozens,2021-2024
crevilo01,Louis Crevier,2024
crookan01,Angus Crookshank,2024
crosbsi01,Sidney Crosby,2006-2024
crottca01,Cameron Crotty,2024
crousla01,Lawson Crouse,2017-2024
crozima01,Maxwell Crozier,2024
cuyllwi01,William Cuylle,2023-2024
czarnau01,Austin Czarnik,2017-2024
daccojo01,Joey Daccord,2019-2024
dachki01,Kirby Dach,2020-2024
dadonev01,Evgenii Dadonov,2010-2024
dahlira01,Rasmus Dahlin,2019-2024
danauph01,Phillip Danault,2015-2024
danfoju01,Justin Danforth,2022-2024
dawsni01,Nico Daws,2022-2024
deangan01,Tony DeAngelo,2017-2024
deanza01,Zach Dean,2024
debrial01,Alex DeBrincat,2018-2024
debruja01,Jake DeBrusk,2018-2024
dehaaca01,Calvin de Haan,2012-2024
delbelu01,Luca Del Bel Belluz,2024
delgama01,Marc Del Gaizo,2024
dellaty01,Ty Dellandrea,2021-2024
delmaet01,Ethan Del Mastro,2024
demeldy01,Dylan DeMelo,2016-2024
demkoth01,Thatcher Demko,2018-2024
denisgr01,Grigori Denisenko,2021-2024
dermotr01,Travis Dermott,2018-2024
deshavi01,Vincent Desharnais,2023-2024
desimni01,Nick DeSimone,2023-2024
deslani01,Nicolas Deslauriers,2014-2024
desmica01,Casey DeSmith,2018-2024
dewarco01,Connor Dewar,2022-2024
dickija01,Jason Dickinson,2016-2024
digiuph01,Phillip Di Giuseppe,2016-2024
dillobr01,Brenden Dillon,2012-2024
doanjo01,Josh Doan,2024
dobsono01,Noah Dobson,2020-2024
domima01,Max Domi,2016-2024
dominlo01,Louis Domingue,2015-2024
donatry01,Ryan Donato,2018-2024
dorofpa01,Pavel Dorofeyev,2022-2024
dostalu01,Lukáš Dostál,2022-2024
doughdr01,Drew Doughty,2009-2024
dowdni01,Nic Dowd,2016-2024
dowliju01,Justin Dowling,2017-2024
draisle01,Leon Draisaitl,2015-2024
driedch01,Chris Driedger,2015-2024
drouijo01,Jonathan Drouin,2015-2024
druryja01,Jack Drury,2022-2024
drysdja01,Jamie Drysdale,2021-2024
dubedi01,Dillon Dubé,2019-2024
dubepi01,Pierrick Dube,2024
duboipi01,Pierre-Luc Dubois,2018-2024
duchema01,Matt Duchene,2010-2024
duclaan01,Anthony Duclair,2015-2024
duehrwa01,Walker Duehr,2022-2024
duhaibr01,Brandon Duhaime,2022-2024
dumbama01,Mathew Dumba,2014-2024
dumoubr01,Brian Dumoulin,2014-2024
dunnvi02,Vince Dunn,2018-2024
durzise01,Sean Durzi,2022-2024
dvorach01,Christian Dvorak,2017-2024
eberljo01,Jordan Eberle,2011-2024
edmunjo01,Joel Edmundson,2016-2024
edstrad01,Adam Edstrom,2024
edvinsi01,Simon Edvinsson,2023-2024
ehlerni01,Nikolaj Ehlers,2016-2024
eicheja01,Jack Eichel,2016-2024
ekblaaa01,Aaron Ekblad,2015-2024
ekholma01,Mattias Ekholm,2012-2024
eklunwi01,William Eklund,2022-2024
ekmanol01,Oliver Ekman-Larsson,2011-2024
ellerla01,Lars Eller,2010-2024
emberty01,Ty Emberson,2024
engluan01,Andreas Englund,2017-2024
engvapi01,Pierre Engvall,2020-2024
entwima01,Mackenzie Entwistle,2021-2024
eriksjo02,Joel Eriksson Ek,2017-2024
ernead01,Adam Erne,2017-2024
erssosa01,Samuel Ersson,2023-2024
evanglu01,Luke Evangelista,2023-2024
evansja02,Jake Evans,2020-2024
evansry01,Ryker Evans,2024
eyssimi01,Michael Eyssimont,2022-2024
fabbrda01,Dante Fabbro,2019-2024
fabbrro01,Robby Fabbri,2016-2024
faberbr01,Brock Faber,2023-2024
fagemsa01,Samuel Fagemo,2022-2024
faksara01,Radek Faksa,2016-2024
fantiad01,Adam Fantilli,2024
farabjo01,Joel Farabee,2020-2024
faschhu01,Hudson Fasching,2016-2024
fastje01,Jesper Fast,2014-2024
faulkju01,Justin Faulk,2012-2024
fedotiv01,Ivan Fedotov,2024
feherma01,Martin Fehérváry,2020-2024
ferrama01,Mario Ferraro,2020-2024
fialake01,Kevin Fiala,2015-2024
fischch01,Christian Fischer,2017-2024
fixwotr01,Trey Fix-Wolansky,2022-2024
fleurca01,Cale Fleury,2020-2024
fleurha01,Haydn Fleury,2018-2024
fleurma01,Marc-André Fleury,2004-2024
foegewa01,Warren Foegele,2018-2024
foersty01,Tyson Foerster,2023-2024
foligma01,Marcus Foligno,2012-2024
foligni01,Nick Foligno,2008-2024
footeca01,Callan Foote,2021-2024
footeno01,Nolan Foote,2021-2024
forbode01,Derek Forbort,2016-2024
forsban01,Anton Forsberg,2015-2024
forsbfi01,Filip Forsberg,2013-2024
forslgu02,Gustav Forsling,2017-2024
foudyje01,Jean-Luc Foudy,2023-2024
foudyli01,Liam Foudy,2020-2024
fowleca01,Cam Fowler,2011-2024
foxad01,Adam Fox,2020-2024
fredetr01,Trent Frederic,2019-2024
friedma01,Mark Friedman,2019-2024
froesby01,Byron Froese,2016-2024
frostmo01,Morgan Frost,2020-2024
gadjojo01,Jonah Gadjovich,2021-2024
gagnesa01,Sam Gagner,2008-2024
gallabr01,Brendan Gallagher,2013-2024
gardnrh01,Rhett Gardner,2020-2024
garlaco01,Conor Garland,2019-2024
gaudead01,Adam Gaudette,2018-2024
gaudrfr01,Frédérick Gaudreau,2017-2024
gaudrjo01,Johnny Gaudreau,2014-2024
gauncbr01,Brendan Gaunce,2016-2024
gauthcu01,Cutter Gauthier,2024
gauthju01,Julien Gauthier,2020-2024
gavrivl01,Vladislav Gavrikov,2020-2024
gawdigl01,Glenn Gawdin,2021-2024
geekimo01,Morgan Geekie,2020-2024
georgal01,Alexandar Georgiev,2018-2024
gibsojo02,John Gibson,2014-2024
gignabr01,Brandon Gignac,2019-2024
gilbede01,Dennis Gilbert,2019-2024
ginniad01,Adam Ginning,2023-2024
giordma01,Mark Giordano,2006-2024
girarsa01,Samuel Girard,2018-2024
girgeze01,Zemgus Girgensons,2014-2024
giroucl01,Claude Giroux,2008-2024
glassco01,Cody Glass,2020-2024
glendlu01,Luke Glendening,2014-2024
goligal01,Alex Goligoski,2008-2024
goncaga01,Gage Goncalves,2024
goodrba01,Barclay Goodrow,2015-2024
gostish01,Shayne Gostisbehere,2015-2024
gourdya01,Yanni Gourde,2016-2024
grafco01,Collin Graf,2024
granlmi01,Mikael Granlund,2013-2024
gravery01,Ryan Graves,2019-2024
greavje01,Jet Greaves,2023-2024
greenjo02,Jordan Greenway,2018-2024
greeraj01,A.J. Greer,2017-2024
gregono01,Noah Gregor,2020-2024
greigri01,Ridly Greig,2023-2024
groulbe01,Benoit-Olivier Groulx,2022-2024
grubaph01,Philipp Grubauer,2013-2024
grudejo02,Jonathan Gruden,2023-2024
grundca01,Carl Grundström,2019-2024
grzelma01,Matt Grzelcyk,2017-2024
gudasra01,Radko Gudas,2013-2024
gudbrer01,Erik Gudbranson,2012-2024
guenema01,Max Guenette,2023-2024
guentdy01,Dylan Guenther,2023-2024
guentja01,Jake Guentzel,2017-2024
guhleka01,Kaiden Guhle,2023-2024
guriade01,Denis Gurianov,2017-2024
gushcda01,Daniil Gushchin,2023-2024
gustada01,David Gustafsson,2020-2024
gustaer02,Erik Gustafsson,2016-2024
gustafi01,Filip Gustavsson,2021-2024
guttmco01,Cole Guttman,2023-2024
hagelbr01,Brandon Hagel,2020-2024
haggro01,Robert Hägg,2017-2024
hagueni01,Nicolas Hague,2020-2024
hakanja01,Jani Hakanpää,2020-2024
hallta02,Taylor Hall,2011-2024
halonbr01,Brian Halonen,2024
hamanha01,Hardy Haman Aktell,2024
hamblja01,James Hamblin,2023-2024
hamildo01,Dougie Hamilton,2013-2024
hamontr01,Travis Hamonic,2011-2024
hanifno01,Noah Hanifin,2016-2024
hanlejo01,Joel Hanley,2016-2024
harkija01,Jansen Harkins,2020-2024
harleth01,Thomas Harley,2022-2024
harrijo01,Jordan Harris,2022-2024
hartca01,Carter Hart,2019-2024
hartmry01,Ryan Hartman,2015-2024
harvera01,Rafaël Harvey-Pinard,2022-2024
hataksa01,Santeri Hatakka,2022-2024
hathaga01,Garnet Hathaway,2016-2024
haulaer01,Erik Haula,2014-2024
haydejo01,John Hayden,2017-2024
hayeske01,Kevin Hayes,2015-2024
haytoba01,Barrett Hayton,2020-2024
hedmavi01,Victor Hedman,2010-2024
heineda01,Danton Heinen,2017-2024
heineem01,Emil Heineman,2024
heiskmi01,Miro Heiskanen,2019-2024
hellbma01,Magnus Hellberg,2014-2024
helleco01,Connor Hellebuyck,2016-2024
henriad01,Adam Henrique,2011-2024
hertlto01,Tomáš Hertl,2014-2024
highmma01,Matthew Highmore,2018-2024
hillad01,Adin Hill,2018-2024
hinosvi01,Vinnie Hinostroza,2016-2024
hintzro01,Roope Hintz,2019-2024
hirosak01,Akito Hirose,2023-2024
hischni01,Nico Hischier,2018-2024
hoferjo01,Joel Hofer,2022-2024
hoffmmi02,Mike Hoffman,2012-2024
hoglani01,Nils Höglander,2021-2024
hollju01,Justin Holl,2018-2024
hollody01,Dylan Holloway,2023-2024
holmbpo01,Pontus Holmberg,2023-2024
holmssi01,Simon Holmström,2023-2024
holtzal01,Alexander Holtz,2022-2024
horvabo01,Bo Horvat,2015-2024
howdebr01,Brett Howden,2019-2024
hronefi01,Filip Hronek,2019-2024
huberjo01,Jonathan Huberdeau,2013-2024
hugheja03,Jack Hughes,2020-2024
hughelu01,Luke Hughes,2023-2024
hughequ01,Quinn Hughes,2019-2024
huntda01,Daemon Hunt,2024
huntdr01,Dryden Hunt,2018-2024
hussovi01,Ville Husso,2021-2024
hutchmi01,Michael Hutchinson,2014-2024
hutsola01,Lane Hutson,2024
huttobe01,Ben Hutton,2016-2024
huttogr01,Grant Hutton,2022-2024
hymanza01,Zach Hyman,2016-2024
iafalal01,Alex Iafallo,2018-2024
imamabo01,Bokondji Imama,2022-2024
ingraco01,Connor Ingram,2022-2024
ioriovi01,Vincent Iorio,2023-2024
iskharu01,Ruslan Iskhakov,2024
jankoma01,Mark Jankowski,2017-2024
janmama02,Mattias Janmark,2016-2024
jarnkca01,Calle Järnkrok,2014-2024
jarrytr01,Tristan Jarry,2017-2024
jarvero01,Roby Jarventie,2024
jarvise01,Seth Jarvis,2022-2024
jeannta01,Tanner Jeannot,2021-2024
jenikja01,Jan Jeník,2021-2024
jennebo01,Boone Jenner,2014-2024
jenseni02,Nick Jensen,2017-2024
jiricda01,David Ji?í?ek,2023-2024
johanjo03,Jonas Johansson,2020-2024
johanlu01,Lucas Johansen,2022-2024
johanma03,Marcus Johansson,2011-2024
johanry01,Ryan Johansen,2012-2024
johnser01,Erik Johnson,2008-2024
johnsja02,Jack Johnson,2007-2024
johnske01,Kent Johnson,2022-2024
johnsma04,Marc Johnstone,2024
johnsre01,Reese Johnson,2021-2024
johnsro02,Ross Johnston,2016-2024
johnsry03,Ryan Johnson,2024
johnsty01,Tyler Johnson,2013-2024
johnswy01,Wyatt Johnston,2023-2024
jokihhe01,Henri Jokiharju,2019-2024
jonesca01,Caleb Jones,2019-2024
jonesma02,Martin Jones,2014-2024
jonesma03,Max Jones,2019-2024
jonesse01,Seth Jones,2014-2024
jonesza01,Zachary Jones,2021-2024
jonssax01,Axel Jonsson-Fjällby,2022-2024
josepma01,Mathieu Joseph,2019-2024
joseppi01,Pierre-Olivier Joseph,2021-2024
joshuda01,Dakota Joshua,2021-2024
josiro01,Roman Josi,2012-2024
jostty01,Tyson Jost,2017-2024
juulsno01,Noah Juulsen,2018-2024
kadrina01,Nazem Kadri,2010-2024
kahkoka01,Kaapo Kähkönen,2020-2024
kaisewy01,Wyatt Kaiser,2023-2024
kakkoka01,Kaapo Kakko,2020-2024
kaliyar01,Arthur Kaliyev,2021-2024
kampfda01,David Kämpf,2018-2024
kaneev01,Evander Kane,2010-2024
kanepa01,Patrick Kane,2008-2024
kapanka01,Kasperi Kapanen,2016-2024
kapriki01,Kirill Kaprizov,2021-2024
karlser01,Erik Karlsson,2010-2024
karlsli01,Linus Karlsson,2024
karlswi01,William Karlsson,2015-2024
kartyty01,Tye Kartye,2024
kastema01,Mark Kastelic,2022-2024
katchbo01,Boris Katchouk,2022-2024
kelemmi01,Miloš Kelemen,2023-2024
kellecl01,Clayton Keller,2017-2024
kellypa01,Parker Kelly,2021-2024
kempead01,Adrian Kempe,2017-2024
kempph01,Philip Kemp,2024
kerfoal01,Alexander Kerfoot,2018-2024
kessema01,Matthew Kessel,2023-2024
kessemi01,Michael Kesselring,2023-2024
khairju01,Jujhar Khaira,2016-2024
khusnma01,Marat Khusnutdinov,2024
killoal01,Alex Killorn,2013-2024
kirklju01,Justin Kirkland,2023-2024
kivirjo01,Joel Kiviranta,2020-2024
klapkad01,Adam Klapka,2024
klevety01,Tyler Kleven,2023-2024
klingjo01,John Klingberg,2015-2024
kniesma01,Matthew Knies,2023-2024
knyzhni01,Nikolai Knyzhov,2020-2024
kochepy01,Pyotr Kochetkov,2022-2024
kochpa01,Patrik Koch,2024
koepkco01,Cole Koepke,2023-2024
koleske01,Keegan Kolesar,2020-2024
kolyavl01,Vladislav Kolyachonok,2022-2024
konectr01,Travis Konecny,2017-2024
kopitan01,Anže Kopitar,2007-2024
koppajo01,Joona Koppanen,2023-2024
korchke01,Kevin Korchinski,2024
korczka01,Kaedan Korczak,2022-2024
korpijo01,Joonas Korpisalo,2016-2024
kostikl01,Klim Kostin,2020-2024
kotkaje01,Jesperi Kotkaniemi,2019-2024
kovacjo01,Johnathan Kovacevic,2022-2024
krebspe01,Peyton Krebs,2021-2024
kreidch01,Chris Kreider,2013-2024
krugto01,Torey Krug,2012-2024
kubaldo01,Dominik Kubalík,2020-2024
kucheni01,Nikita Kucherov,2014-2024
kuempda01,Darcy Kuemper,2013-2024
kulakbr01,Brett Kulak,2015-2024
kulicji01,Jiri Kulich,2024
kulikdm01,Dmitry Kulikov,2010-2024
kuninlu01,Luke Kunin,2018-2024
kuparra01,Rasmus Kupari,2021-2024
kuralse01,Sean Kuraly,2017-2024
kurasph01,Philipp Kurashev,2021-2024
kuzmean01,Andrei Kuzmenko,2023-2024
kuzneev01,Evgeny Kuznetsov,2014-2024
kuzneya01,Yan Kuznetsov,2024
kylinol01,Oliver Kylington,2016-2024
kyroujo01,Jordan Kyrou,2019-2024
labanke01,Kevin Labanc,2017-2024
labersa01,Samuel Laberge,2024
lacomja01,Jackson LaCombe,2023-2024
laferal01,Alex Laferriere,2024
laffesa01,Sam Lafferty,2020-2024
lafreal01,Alexis Lafrenière,2021-2024
lageswi01,William Lagesson,2020-2024
lainepa01,Patrik Laine,2017-2024
lajoima01,Maxime Lajoie,2019-2024
lambebr01,Brad Lambert,2024
lankike01,Kevin Lankinen,2021-2024
lapiehe01,Hendrix Lapierre,2022-2024
larkidy01,Dylan Larkin,2016-2024
larssad01,Adam Larsson,2012-2024
laughsc01,Scott Laughton,2013-2024
laukoja01,Jakub Lauko,2023-2024
lauzoje01,Jeremy Lauzon,2019-2024
lavoira01,Raphael Lavoie,2024
lazarcu01,Curtis Lazar,2015-2024
leasobr01,Brett Leason,2022-2024
leddyni01,Nick Leddy,2011-2024
leean01,Anders Lee,2013-2024
lehkoar01,Artturi Lehkonen,2017-2024
lemiebr01,Brendan Lemieux,2018-2024
leonajo01,John Leonard,2021-2024
leschja01,Jake Leschyshyn,2022-2024
letankr01,Kris Letang,2007-2024
lettivi01,Vinni Lettieri,2018-2024
levide01,Devon Levi,2023-2024
lewistr01,Trevor Lewis,2009-2024
liljeti01,Timothy Liljegren,2020-2024
lindbos01,Oskar Lindblom,2018-2024
lindees01,Esa Lindell,2016-2024
lindgch01,Charlie Lindgren,2016-2024
lindgry01,Ryan Lindgren,2019-2024
lindhel01,Elias Lindholm,2014-2024
lindhha01,Hampus Lindholm,2014-2024
lindko01,Kole Lind,2021-2024
lindsgu01,Gustav Lindström,2020-2024
lizotbl01,Blake Lizotte,2019-2024
lockwwi01,William Lockwood,2021-2024
lohrema01,Mason Lohrei,2024
lombery01,Ryan Lomberg,2018-2024
lorenst01,Steven Lorentz,2021-2024
lowryad01,Adam Lowry,2015-2024
lucchja01,Jake Lucchini,2023-2024
lucicmi01,Milan Lucic,2008-2024
ludvijo01,John Ludvig,2024
lundean01,Anton Lundell,2022-2024
lundeis01,Isac Lundeström,2019-2024
lundkni01,Nils Lundkvist,2022-2024
luneatr01,Tristan Luneau,2024
luostee01,Eetu Luostarinen,2020-2024
luukkuk01,Ukko-Pekka Luukkonen,2021-2024
lycksol01,Olle Lycksell,2023-2024
lyonal01,Alex Lyon,2018-2024
lyubuil01,Ilya Lyubushkin,2019-2024
maattol01,Olli Määttä,2014-2024
maccema01,Matias Maccelli,2022-2024
macdeku01,Kurtis MacDermid,2018-2024
macdoja02,Jacob MacDonald,2019-2024
maceama01,Mackenzie MacEachern,2019-2024
macewza01,Zack MacEwen,2019-2024
mackeco01,Connor Mackey,2021-2024
mackina01,Nathan MacKinnon,2014-2024
macleky01,Kyle MacLean,2024
mahurjo01,Josh Mahura,2019-2024
mailllo01,Logan Mailloux,2024
makarca01,Cale Makar,2020-2024
malatja01,James Malatesta,2024
malenbe01,Beck Malenstyn,2020-2024
malinsa01,Sam Malinski,2024
malkiev01,Evgeni Malkin,2007-2024
mangian01,Andrew Mangiapane,2018-2024
mansojo01,Josh Manson,2015-2024
manthan01,Anthony Mantha,2016-2024
marchbr03,Brad Marchand,2010-2024
marchki01,Kirill Marchenko,2023-2024
marchma01,Mason Marchment,2020-2024
marinjo01,John Marino,2020-2024
marksja02,Jacob Markström,2011-2024
marnemi01,Mitch Marner,2017-2024
maroopa01,Pat Maroon,2012-2024
martial01,Alec Martinez,2010-2024
martiem01,Emil Martinsen Lilleberg,2024
martijo01,Jordan Martinook,2015-2024
martima02,Matt Martin,2010-2024
martisp01,Spencer Martin,2017-2024
mathemi01,Mike Matheson,2016-2024
matinni01,Nikolas Matinpalo,2024
matthau01,Auston Matthews,2017-2024
mayfisc01,Scott Mayfield,2014-2024
mcavoch01,Charlie McAvoy,2018-2024
mcbaija03,Jack McBain,2022-2024
mccabja01,Jake McCabe,2014-2024
mccanja01,Jared McCann,2016-2024
mccarmi01,Michael McCarron,2016-2024
mccorma01,Max McCormick,2016-2024
mcdavco01,Connor McDavid,2016-2024
mcdonry01,Ryan McDonagh,2011-2024
mcginbr01,Brock McGinn,2016-2024
mcginhu01,Hugh McGing,2023-2024
mcilrdy01,Dylan McIlrath,2014-2024
mclauma01,Marc McLaughlin,2022-2024
mcleomi01,Michael McLeod,2019-2024
mcleory01,Ryan McLeod,2021-2024
mcmanbo02,Bobby McMann,2023-2024
mcmicco01,Connor McMichael,2021-2024
mcnabbr01,Brayden McNabb,2012-2024
mctavma01,Mason McTavish,2022-2024
mcwarco01,Cole McWard,2023-2024
megnaja01,Jayson Megna,2014-2024
megnaja02,Jaycob Megna,2017-2024
meierti01,Timo Meier,2017-2024
merceda01,Dawson Mercer,2022-2024
merelwa01,Waltteri Merela,2024
merkuge01,Georgii Merkulov,2024
mermida01,Dakota Mermis,2018-2024
merrijo01,Jonathon Merrill,2014-2024
merzlel01,Elvis Merz?ikins,2020-2024
metevi01,Victor Mete,2018-2024
meyerbe01,Ben Meyers,2022-2024
meyerca01,Carson Meyer,2022-2024
middlja01,Jacob Middleton,2019-2024
mikheil01,Ilya Mikheyev,2020-2024
mikkoni01,Niko Mikkola,2020-2024
milanso01,Sonny Milano,2016-2024
milleco02,Colin Miller,2016-2024
millejt01,J.T. Miller,2013-2024
milleka01,K'Andre Miller,2021-2024
mintefr01,Fraser Minten,2024
mintypa01,Pavel Mintyukov,2024
miromda01,Daniil Miromanov,2022-2024
mirosiv01,Ivan Miroshnichenko,2024
mitchia01,Ian Mitchell,2021-2024
mitteca01,Casey Mittelstadt,2018-2024
monahse01,Sean Monahan,2014-2024
montesa01,Sam Montembeault,2019-2024
montobr01,Brandon Montour,2017-2024
mooretr01,Trevor Moore,2019-2024
morelma01,Mason Morelli,2024
morrijo04,Josh Morrissey,2016-2024
morrilo01,Logan Morrison,2024
morrosc02,Scott Morrow,2024
moserja01,J.J. Moser,2022-2024
mottety01,Tyler Motte,2017-2024
moverja01,Jacob Moverare,2022-2024
mrazepe01,Petr Mrázek,2013-2024
mukhash01,Shakir Mukhamadullin,2024
murphco02,Connor Murphy,2014-2024
murrabr02,Brett Murray,2021-2024
murrama03,Matt Murray,2023-2024
myersph01,Philippe Myers,2019-2024
myersty01,Tyler Myers,2010-2024
nadeabr01,Bradly Nadeau,2024
namesvl01,Vladislav Namestnikov,2014-2024
nashri02,Riley Nash,2012-2024
nazarfr01,Frank Nazar,2024
necasma01,Martin Ne?as,2018-2024
nedelal01,Alex Nedeljkovic,2017-2024
neighja01,Jake Neighbours,2022-2024
nelsobr01,Brock Nelson,2014-2024
nemecsi01,Simon Nemec,2024
nesteni02,Nikita Nesterenko,2023-2024
newhoal01,Alex Newhook,2021-2024
nichuva01,Valeri Nichushkin,2014-2024
niedeni01,Nino Niederreiter,2011-2024
nietoma01,Matthew Nieto,2014-2024
noesest01,Stefan Noesen,2015-2024
norrijo01,Joshua Norris,2020-2024
nosekto01,Tomáš Nosek,2016-2024
novakth01,Thomas Novak,2022-2024
nugenry01,Ryan Nugent-Hopkins,2012-2024
nurseda01,Darnell Nurse,2015-2024
nylanal01,Alexander Nylander,2017-2024
nylanwi01,William Nylander,2016-2024
nyquigu01,Gustav Nyquist,2012-2024
obrieli01,Liam O'Brien,2015-2024
oconndr01,Drew O'Connor,2021-2024
oconnlo01,Logan O'Connor,2019-2024
oestejo01,Jordan Oesterle,2015-2024
oettija01,Jake Oettinger,2021-2024
ohgreli01,Liam Ohgren,2024
okhotni01,Nikita Okhotyuk,2022-2024
okposky01,Kyle Okposo,2008-2024
olausos01,Oskar Olausson,2023-2024
oleksja01,Jamie Oleksiak,2013-2024
olivima01,Mathieu Olivier,2020-2024
olofsfr01,Fredrik Olofsson,2023-2024
olofsgu01,Gustav Olofsson,2016-2024
olofsvi01,Victor Olofsson,2019-2024
oreilry01,Ryan O'Reilly,2010-2024
orlovdm01,Dmitry Orlov,2012-2024
oshietj01,T.J. Oshie,2009-2024
ostapza01,Zack Ostapchuk,2024
othmabr01,Brennan Othmann,2024
ovechal01,Alex Ovechkin,2006-2024
pachabr01,Brayden Pachal,2022-2024
pacioma01,Max Pacioretty,2009-2024
pageaje01,Jean-Gabriel Pageau,2013-2024
palaton01,Ond?ej Palát,2013-2024
palmiky01,Kyle Palmieri,2011-2024
panarar01,Artemi Panarin,2016-2024
parayco01,Colton Parayko,2016-2024
parisza01,Zach Parise,2006-2024
parssju01,Juuso Pärssinen,2023-2024
pastrda01,David Pastr?ák,2015-2024
paterji01,Ji?í Patera,2023-2024
paulni01,Nick Paul,2016-2024
paveljo01,Joe Pavelski,2007-2024
pavelon02,Ondrej Pavel,2024
pearsta01,Tanner Pearson,2014-2024
peekean01,Andrew Peeke,2020-2024
pelecad01,Adam Pelech,2016-2024
pelleja01,Jakob Pelletier,2023-2024
perbini01,Nicklaus Perbix,2023-2024
peretya01,Yaniv Perets,2024
perfeco01,Cole Perfetti,2022-2024
perroda01,David Perron,2008-2024
perryco01,Corey Perry,2006-2024
perunsc01,Scott Perunovich,2022-2024
pescebr01,Brett Pesce,2016-2024
petanni01,Nic Petan,2016-2024
peterca01,Calvin Petersen,2019-2024
peterja01,Jacob Peterson,2022-2024
peterjo01,John-Jason Peterka,2022-2024
petroal01,Alexander Petrovic,2013-2024
petryje01,Jeff Petry,2011-2024
petteel01,Elias Pettersson,2019-2024
pettema01,Marcus Pettersson,2018-2024
pezzemi01,Michael Pezzetta,2022-2024
phillis01,Isaak Phillips,2022-2024
phillma01,Matthew Phillips,2021-2024
pickaca01,Calvin Pickard,2015-2024
pietral01,Alex Pietrangelo,2009-2024
pintosh01,Shane Pinto,2021-2024
pionkne01,Neal Pionk,2018-2024
pitlire01,Rem Pitlick,2019-2024
pitlity01,Tyler Pitlick,2014-2024
podkova01,Vasily Podkolzin,2022-2024
poehlry01,Ryan Poehling,2019-2024
pointbr01,Brayden Point,2017-2024
poitrma01,Matthew Poitras,2024
polinja01,Jason Polin,2024
ponomva01,Vasiliy Ponomarev,2024
pospima01,Martin Pospisil,2024
poturan01,Andrew Poturalski,2017-2024
poulide01,Derrick Pouliot,2015-2024
poulisa01,Samuel Poulin,2023-2024
powerow01,Owen Power,2022-2024
primeca01,Cayden Primeau,2020-2024
prosviv01,Ivan Prosvetov,2021-2024
protaal01,Aliaksei Protas,2022-2024
provoiv01,Ivan Provorov,2017-2024
puljuje01,Jesse Puljujärvi,2017-2024
pulocry01,Ryan Pulock,2016-2024
puustva01,Valtteri Puustinen,2022-2024
pyyhtmi01,Mikael Pyyhtia,2023-2024
quickjo01,Jonathan Quick,2008-2024
quinnja01,Jack Quinn,2022-2024
raantan01,Antti Raanta,2014-2024
raddyda01,Darren Raddysh,2022-2024
raddyta01,Taylor Raddysh,2022-2024
rakelri01,Rickard Rakell,2013-2024
rantami01,Mikko Rantanen,2016-2024
raskaad01,Adam Raška,2022-2024
rasmumi01,Michael Rasmussen,2019-2024
ratyak01,Aku Raty,2024
raymolu01,Lucas Raymond,2022-2024
reavery01,Ryan Reaves,2011-2024
regenpa01,Pavol Regenda,2023-2024
reichlu01,Lukas Reichel,2022-2024
reillmi01,Mike Reilly,2016-2024
reimeja01,James Reimer,2011-2024
reinhsa01,Sam Reinhart,2015-2024
rempash01,Sheldon Rempal,2019-2024
rempema01,Matt Rempe,2024
richaan01,Anthony Richard,2019-2024
riellmo01,Morgan Rielly,2014-2024
rifaima01,Marshall Rifai,2024
ristora01,Rasmus Ristolainen,2014-2024
rittida01,David Rittich,2017-2024
roberja01,Jason Robertson,2020-2024
roberni01,Nicholas Robertson,2021-2024
robiner01,Eric Robinson,2018-2024
rodriev01,Evan Rodrigues,2016-2024
romanal01,Alexander Romanov,2021-2024
romange01,Georgi Romanov,2024
rondbjo01,Jonas Røndbjerg,2022-2024
rooneke01,Kevin Rooney,2017-2024
roosfi01,Filip Roos,2023-2024
rosenca01,Calle Rosén,2018-2024
rosenis01,Isak Rosen,2024
rosloja01,Jack Roslovic,2017-2024
rossima01,Marco Rossi,2022-2024
rouselu01,Lukáš Rousek,2023-2024
royjo01,Joshua Roy,2024
royma04,Matt Roy,2019-2024
royni01,Nicolas Roy,2018-2024
ruhwech01,Chad Ruhwedel,2013-2024
rustbr01,Bryan Rust,2015-2024
ruttaja02,Jan Rutta,2018-2024
ruzicad01,Adam Ruži?ka,2021-2024
ryande01,Derek Ryan,2016-2024
saadbr01,Brandon Saad,2012-2024
sabousc01,Scott Sabourin,2020-2024
sambedy01,Dylan Samberg,2022-2024
samosma01,Mackie Samoskevich,2024
samsoil01,Ilya Samsonov,2020-2024
samuema02,Mattias Samuelsson,2021-2024
sandeja01,Jake Sanderson,2023-2024
sandira01,Rasmus Sandin,2020-2024
sandsfe01,Felix Sandström,2022-2024
sanfoza01,Zach Sanford,2017-2024
sanhetr01,Travis Sanheim,2018-2024
sarosju01,Juuse Saros,2016-2024
savarda01,David Savard,2012-2024
savoima01,Matthew Savoie,2024
scandma01,Marco Scandella,2011-2024
scanlbr01,Brandon Scanlin,2024
scheima01,Mark Scheifele,2012-2024
schenbr01,Brayden Schenn,2010-2024
schenlu01,Luke Schenn,2009-2024
schmani01,Nick Schmaltz,2017-2024
schmiak01,Akira Schmid,2022-2024
schmina01,Nate Schmidt,2014-2024
schnebr01,Braden Schneider,2022-2024
schulju01,Justin Schultz,2013-2024
schwaja01,Jaden Schwartz,2012-2024
schwico01,Cole Schwindt,2022-2024
seeleni01,Nick Seeler,2018-2024
seguity01,Tyler Seguin,2011-2024
seidemo01,Moritz Seider,2022-2024
seneybr01,Brett Seney,2019-2024
sergami01,Mikhail Sergachev,2017-2024
severda01,Damon Severson,2015-2024
sgarbmi01,Michael Sgarbossa,2013-2024
sharaye01,Yegor Sharangovich,2021-2024
shattke01,Kevin Shattenkirk,2011-2024
shawma01,Mason Shaw,2022-2024
shearco01,Conor Sheary,2016-2024
sheary01,Ryan Shea,2024
shepahu01,Hunter Shepard,2024
sherwki01,Kiefer Sherwood,2019-2024
shestig01,Igor Shesterkin,2020-2024
shorede01,Devin Shore,2016-2024
siegejo01,Jonas Siegenthaler,2019-2024
silfvja01,Jakob Silfverberg,2013-2024
sillico01,Cole Sillinger,2022-2024
silovar01,Arturs Silovs,2023-2024
sissoco01,Colton Sissons,2014-2024
skinnje01,Jeff Skinner,2011-2024
skinnst01,Stuart Skinner,2021-2024
skjeibr01,Brady Skjei,2016-2024
slafkju01,Juraj Slafkovsky,2023-2024
slaggla01,Landon Slaggert,2024
slavija01,Jaccob Slavin,2016-2024
smejkji01,Jiri Smejkal,2024
smithbr05,Brendan Smith,2012-2024
smithco02,Cole Smith,2021-2024
smithcr01,Craig Smith,2012-2024
smithgi01,Givani Smith,2020-2024
smithre01,Reilly Smith,2012-2024
snivejo01,Joe Snively,2022-2024
soderar01,Arvid Söderblom,2022-2024
sodervi01,Victor Söderström,2021-2024
sogaama01,Mads Søgaard,2022-2024
solovil01,Ilya Solovyov,2024
sorokil01,Ilya Sorokin,2021-2024
soucyca01,Carson Soucy,2018-2024
sourdju01,Justin Sourdif,2024
spencjo01,Jordan Spence,2022-2024
spronda01,Daniel Sprong,2016-2024
spurgja01,Jared Spurgeon,2011-2024
staaljo01,Jordan Staal,2007-2024
staalma01,Marc Staal,2008-2024
stamkst01,Steven Stamkos,2009-2024
stanklo01,Logan Stankoven,2024
stanllo01,Logan Stanley,2021-2024
stastsp01,Spencer Stastney,2023-2024
stechtr01,Troy Stecher,2017-2024
steelsa01,Sam Steel,2019-2024
steenos01,Oskar Steen,2021-2024
steeval02,Alex Steeves,2022-2024
stenlke01,Kevin Stenlund,2019-2024
stephch02,Chandler Stephenson,2016-2024
stephmi01,Mitchell Stephens,2020-2024
stivajo01,John St. Ivany,2024
stolaan01,Anthony Stolarz,2017-2024
stonema01,Mark Stone,2013-2024
stromdy01,Dylan Strome,2017-2024
stromry01,Ryan Strome,2014-2024
strubja01,Jayden Struble,2024
studema01,Marián Studeni?,2021-2024
studnja01,Jack Studnicka,2020-2024
stuetti02,Tim Stützle,2021-2024
sturmni01,Nico Sturm,2019-2024
subbama01,Malcolm Subban,2015-2024
sundqos01,Oskar Sundqvist,2016-2024
suterpi01,Pius Suter,2021-2024
suterry01,Ryan Suter,2006-2024
suzukni01,Nick Suzuki,2020-2024
svechan01,Andrei Svechnikov,2019-2024
swaymje01,Jeremy Swayman,2021-2024
szubema01,Maksymilian Szuber,2024
talboca01,Cam Talbot,2014-2024
tanevbr01,Brandon Tanev,2016-2024
tanevch01,Chris Tanev,2011-2024
tarasda02,Daniil Tarasov,2022-2024
tarasvl01,Vladimir Tarasenko,2013-2024
tatarto01,Tomáš Tatar,2011-2024
tavarjo01,John Tavares,2010-2024
teravte01,Teuvo Teräväinen,2014-2024
terrytr01,Troy Terry,2018-2024
texieal01,Alexandre Texier,2019-2024
theodsh01,Shea Theodore,2016-2024
thomaak01,Akil Thomas,2024
thomaro01,Robert Thomas,2019-2024
thompja01,Jack Thompson,2024
thomplo01,Logan Thompson,2021-2024
thompta01,Tage Thompson,2018-2024
thrunhe01,Henry Thrun,2023-2024
tiernch01,Chris Tierney,2015-2024
timmico01,Conor Timmins,2020-2024
tinorja01,Jarred Tinordi,2013-2024
tippeow01,Owen Tippett,2018-2024
tkachbr01,Brady Tkachuk,2019-2024
tkachma01,Matthew Tkachuk,2017-2024
toewsde01,Devon Toews,2019-2024
toffoty01,Tyler Toffoli,2013-2024
tolvaee01,Eeli Tolvanen,2018-2024
tomasph01,Philip Tomasino,2022-2024
tomkima01,Matt Tomkins,2024
tonindo01,Dominic Toninato,2018-2024
toropal01,Alexey Toropchenko,2022-2024
treniya01,Yakov Trenin,2020-2024
trochvi01,Vincent Trocheck,2014-2024
troubja01,Jacob Trouba,2014-2024
tuchal01,Alex Tuch,2017-2024
tuckety01,Tyler Tucker,2023-2024
tufteri01,Riley Tufte,2022-2024
turcoal02,Alex Turcotte,2022-2024
ullmali01,Linus Ullmark,2016-2024
vaakaur01,Urho Vaakanainen,2019-2024
valimju01,Juuso Välimäki,2019-2024
vanecvi01,Vítek Van??ek,2021-2024
vanrija01,James van Riemsdyk,2010-2024
vanritr01,Trevor van Riemsdyk,2015-2024
varlasi01,Semyon Varlamov,2009-2024
vasilan02,Andrei Vasilevskiy,2015-2024
vatrafr01,Frank Vatrano,2016-2024
vejmeka01,Karel Vejmelka,2022-2024
velenjo01,Joe Veleno,2021-2024
verhaca01,Carter Verhaeghe,2020-2024
veseyji02,Jimmy Vesey,2017-2024
vilarga01,Gabriel Vilardi,2020-2024
villama01,Matt Villalta,2024
vladada01,Daniel Vlada?,2021-2024
vlasial01,Alex Vlasic,2022-2024
vlasima01,Marc-Édouard Vlasic,2007-2024
vorondi01,Dmitri Voronkov,2024
vranaja01,Jakub Vrána,2017-2024
wagnech01,Chris Wagner,2015-2024
wahlsol01,Oliver Wahlstrom,2020-2024
walkena01,Nathan Walker,2018-2024
walkesa01,Samuel Walker,2023-2024
walkese01,Sean Walker,2019-2024
wallsje01,Jesper Wallstedt,2024
walmaja01,Jake Walman,2020-2024
watsoau01,Austin Watson,2013-2024
wedgesc01,Scott Wedgewood,2016-2024
weegama01,MacKenzie Weegar,2017-2024
wennbal01,Alexander Wennberg,2015-2024
werenza01,Zach Werenski,2017-2024
wheelbl01,Blake Wheeler,2009-2024
whiteco02,Colin White,2017-2024
whiteza01,Zach Whitecloud,2018-2024
willmma01,Maxwell Willman,2022-2024
wilsoto01,Tom Wilson,2014-2024
wintery01,Ryan Winterton,2024
wolfdu01,Dustin Wolf,2023-2024
wolljo01,Joseph Woll,2022-2024
woodmi01,Miles Wood,2016-2024
wothepa01,Parker Wotherspoon,2023-2024
wrighsh01,Shane Wright,2023-2024
xhekaar01,Arber Xhekaj,2023-2024
yamamka01,Kailer Yamamoto,2018-2024
yloneje01,Jesse Ylönen,2021-2024
yorkca01,Cameron York,2021-2024
zachapa01,Pavel Zacha,2016-2024
zadinfi01,Filip Zadina,2019-2024
zadorni01,Nikita Zadorov,2014-2024
zaitsni01,Nikita Zaitsev,2017-2024
zamulye01,Yegor Zamula,2021-2024
zaryco01,Connor Zary,2024
zegratr01,Trevor Zegras,2021-2024
zellwol01,Olen Zellweger,2024
zettefa01,Fabian Zetterlund,2022-2024
zibanmi01,Mika Zibanejad,2012-2024
zohorra01,Radim Zohorna,2021-2024
zubar01,Artem Zub,2021-2024
zuccama01,Mats Zuccarello,2011-2024
zuckeja01,Jason Zucker,2012-2024
