Team,Player,PlayerID,GP,G,A,PTS,SOG,HIT,BLK,PIM,TOI,ATOI,S%,EVG,PPG,SHG,GWG,EVA,PPA,SHA
PIT,Noel Acciari,acciano01,55,4,3,7,59,124,85,10,713.4,12.97,6.78%,4,0,0,1,3,0,0
MIN,Calen Addison,addisca01,12,0,5,5,18,3,4,6,201.68,16.81,0.00%,0,0,0,0,2,3,0
SJS,Calen Addison,addisca01,60,1,11,12,75,45,79,66,1041.37,17.36,1.33%,1,0,0,0,5,6,0
NSH,Egor Afanasyev,afanaeg01,2,0,0,0,5,6,2,0,25.98,12.99,0.00%,0,0,0,0,0,0,0
CAR,Sebastian Aho,ahose01,78,36,53,89,216,48,18,36,1530.95,19.63,16.67%,24,11,1,10,31,21,1
NYI,Sebastian Aho,ahose02,58,2,7,9,48,40,67,12,950.7,16.39,4.17%,2,0,0,0,5,2,0
STL,Nikita Alexandrov,alexani01,23,0,2,2,15,29,7,4,196.1,8.53,0.00%,0,0,0,0,2,0,0
WSH,Alexander Alexeyev,alexeal01,39,1,2,3,20,48,59,6,534.15,13.7,5.00%,1,0,0,0,2,0,0
VEG,Michael Amadio,amadimi01,73,14,13,27,117,48,34,16,977.6,13.39,11.97%,11,3,0,2,11,2,0
VAN,Nils Åman,amanni01,43,3,4,7,28,31,22,8,444.37,10.33,10.71%,3,0,0,0,4,0,0
LAK,Jaret Anderson-Dolan,anderja01,30,1,3,4,29,53,21,6,328.9,10.96,3.45%,0,0,1,0,3,0,0
NSH,Jaret Anderson-Dolan,anderja01,1,0,0,0,2,3,1,0,13.65,13.65,0.00%,0,0,0,0,0,0,0
MTL,Josh Anderson,anderjo05,78,9,11,20,141,169,40,74,1206.15,15.46,6.38%,9,0,0,0,9,2,0
CHI,Joey Anderson,anderjo08,55,5,12,17,57,48,18,8,745.13,13.55,8.77%,5,0,0,0,12,0,0
LAK,Michael Anderson,andermi02,74,2,16,18,89,128,129,18,1526.72,20.63,2.25%,2,0,0,0,15,0,1
CGY,Rasmus Andersson,anderra01,78,9,30,39,159,42,186,47,1858.45,23.83,5.66%,8,0,1,3,22,8,0
PHI,Emil Andrae,andraem01,4,0,0,0,0,5,6,0,52,13,--,0,0,0,0,0,0,0
CBJ,Tyler Angle,anglety01,2,0,0,0,0,5,1,0,16.67,8.33,--,0,0,0,0,0,0,0
WPG,Mason Appleton,applema01,82,14,22,36,122,107,44,26,1315.93,16.05,11.48%,11,2,1,2,21,0,1
MTL,Joel Armia,armiajo01,66,17,8,25,139,49,41,34,1026.4,15.55,12.23%,15,0,2,3,8,0,0
LAK,Viktor Arvidsson,arvidvi01,18,6,9,15,59,8,18,14,300.45,16.69,10.17%,5,1,0,1,5,4,0
DET,Zach Aston-Reese,astonza01,3,0,0,0,1,3,0,2,15.47,5.16,0.00%,0,0,0,0,0,0,0
CHI,Andreas Athanasiou,athanan01,28,2,7,9,44,11,21,7,366.73,13.1,4.55%,2,0,0,0,5,2,0
PHI,Cam Atkinson,atkinca01,70,13,15,28,175,35,46,27,1116.18,15.95,7.43%,11,2,0,3,11,4,0
PHI,Ronald Attard,attarro01,12,0,2,2,14,22,14,6,184.62,15.38,0.00%,0,0,0,0,2,0,0
WSH,Nicolas Aubé-Kubel,aubekni01,60,6,10,16,58,159,26,23,732.45,12.21,10.34%,6,0,0,0,10,0,0
VEG,Jonathan Marchessault,audymjo01,82,42,27,69,266,107,23,40,1467.38,17.89,15.79%,34,8,0,5,18,9,0
CGY,Mikael Backlund,backlmi01,82,15,24,39,209,70,33,24,1577.23,19.23,7.18%,12,2,1,2,22,1,1
WSH,Nicklas Bäckström,backsni02,8,0,1,1,12,2,5,2,116.47,14.56,0.00%,0,0,0,0,1,0,0
NJD,Kevin Bahl,bahlke01,81,1,10,11,63,146,101,80,1405.03,17.35,1.59%,1,0,0,1,10,0,0
TOR,Kevin Bahl,bahlke01,1,0,0,0,0,5,2,2,21.48,21.48,--,0,0,0,0,0,0,0
SJS,Justin Bailey,baileju01,59,5,9,14,70,76,29,6,665.57,11.28,7.14%,5,0,0,0,8,1,0
VAN,Arshdeep Bains,bainsar01,8,0,0,0,4,7,2,6,94.45,11.81,0.00%,0,0,0,0,0,0,0
FLA,Uvis Balinskis,balinuv01,26,1,2,3,22,33,15,8,366.63,14.1,4.55%,1,0,0,0,2,0,0
SJS,Alexander Barabanov,barabal01,46,4,9,13,67,27,15,12,730.13,15.87,5.97%,4,0,0,0,7,2,0
VEG,Ivan Barbashev,barbaiv01,82,19,26,45,122,180,44,42,1321.28,16.11,15.57%,16,3,0,3,24,2,0
FLA,Aleksander Barkov,barkoal01,73,23,57,80,193,104,50,24,1433.48,19.64,11.92%,18,5,0,4,31,24,2
TBL,Alex Barré-Boulet,barreal01,35,6,3,9,42,25,8,10,389.37,11.12,14.29%,4,2,0,0,3,0,0
ARI,Alex Barré-Boulet,barreal01,1,0,0,0,4,1,0,0,13.43,13.43,0.00%,0,0,0,0,0,0,0
NSH,Tyson Barrie,barrity01,41,1,14,15,65,14,47,16,751.2,18.32,1.54%,1,0,0,0,8,6,0
MTL,Justin Barron,barroju01,48,7,6,13,60,61,59,16,894.1,18.63,11.67%,6,1,0,1,6,0,0
WPG,Morgan Barron,barromo01,80,11,7,18,94,122,45,23,839.75,10.5,11.70%,11,0,0,3,6,1,0
NYI,Mathew Barzal,barzama01,80,23,57,80,240,54,52,34,1610.6,20.13,9.58%,18,5,0,4,37,20,0
NJD,Nathan Bastian,bastina01,54,5,7,12,57,143,27,32,548.93,10.17,8.77%,5,0,0,1,7,0,0
OTT,Drake Batherson,bathedr01,82,28,38,66,196,98,33,42,1490.22,18.17,14.29%,21,7,0,4,23,15,0
CBJ,Jake Bean,beanja01,72,4,9,13,76,28,110,32,1175.55,16.33,5.26%,4,0,0,0,9,0,0
WSH,Ethan Bear,bearet01,24,1,3,4,24,16,31,10,357.73,14.91,4.17%,1,0,0,1,3,0,0
VAN,Anthony Beauvillier,beauvan01,22,2,6,8,37,21,17,4,300.35,13.65,5.41%,1,1,0,0,5,1,0
CHI,Anthony Beauvillier,beauvan01,23,2,4,6,36,15,9,2,330.3,14.36,5.56%,2,0,0,0,3,1,0
NSH,Anthony Beauvillier,beauvan01,15,1,2,3,32,17,9,2,184.2,12.28,3.13%,0,1,0,0,2,0,0
MIN,Adam Beckman,beckmad01,11,0,2,2,10,13,3,12,103.48,9.41,0.00%,0,0,0,0,2,0,0
CHI,Connor Bedard,bedarco01,68,22,39,61,206,54,27,28,1345.27,19.78,10.68%,18,4,0,2,22,17,0
BOS,John Beecher,beechjo01,52,7,3,10,38,112,34,24,552.43,10.62,18.42%,7,0,0,1,3,0,0
SEA,Pierre-Édouard Bellemare,bellepi01,40,4,3,7,36,20,22,6,393.53,9.84,11.11%,3,0,1,0,3,0,0
PHI,Louis Belpedio,belpelo01,12,2,2,4,12,16,18,0,158.43,13.2,16.67%,2,0,0,1,2,0,0
CBJ,Emil Bemström,bemstem01,32,5,6,11,49,24,21,10,413.2,12.91,10.20%,2,3,0,0,6,0,0
PIT,Emil Bemström,bemstem01,24,3,2,5,34,12,13,2,210.65,8.78,8.82%,2,1,0,1,1,1,0
SEA,Matthew Beniers,beniema01,77,15,22,37,133,52,44,20,1383.17,17.96,11.28%,9,6,0,1,15,7,0
FLA,Sam Bennett,bennesa01,69,20,21,41,171,173,43,100,1146.08,16.61,11.70%,15,5,0,2,14,7,0
SJS,Matt Benning,bennima01,14,0,2,2,13,19,29,14,258.72,18.48,0.00%,0,0,0,0,2,0,0
DAL,Jamie Benn,bennja01,82,21,39,60,164,110,50,41,1239.83,15.12,12.80%,13,7,1,3,22,15,2
TOR,Simon Benoit,benoisi01,64,1,4,5,52,246,102,56,1102.6,17.23,1.92%,1,0,0,0,4,0,0
BUF,Zach Benson,bensoza01,71,11,19,30,98,35,35,36,1030.73,14.52,11.22%,11,0,0,1,17,2,0
DET,Jonatan Berggren,berggjo02,12,2,4,6,14,2,7,2,130.33,10.86,14.29%,2,0,0,0,4,0,0
OTT,Jacob Bernard-Docker,bernaja01,71,4,10,14,51,62,152,25,1108.92,15.62,7.84%,4,0,0,0,9,0,1
NSH,Jacob Bernard-Docker,bernaja01,1,0,0,0,0,0,4,0,21.02,21.02,--,0,0,0,0,0,0,0
TOR,Tyler Bertuzzi,bertuty01,80,21,22,43,160,98,44,53,1283.65,16.05,13.13%,16,5,0,2,21,1,0
BUF,Brandon Biro,birobr01,5,2,0,2,2,0,2,0,54.22,10.84,100.00%,2,0,0,0,0,0,0
SEA,Oliver Bjorkstrand,bjorkol01,82,20,39,59,186,67,29,12,1327,16.18,10.75%,12,8,0,3,22,17,0
LAK,Tobias Björnfot,bjornto01,1,0,0,0,0,1,1,0,10.2,10.2,--,0,0,0,0,0,0,0
VEG,Tobias Björnfot,bjornto01,2,0,0,0,0,1,4,2,28.02,14.01,--,0,0,0,0,0,0,0
FLA,Tobias Björnfot,bjornto01,1,0,0,0,1,2,2,0,17.02,17.02,0.00%,0,0,0,0,0,0,0
ARI,Nick Bjugstad,bjugsni01,76,22,23,45,165,118,48,59,1325.8,17.44,13.33%,19,2,1,2,19,4,0
CHI,Colin Blackwell,blackco01,44,8,4,12,88,45,22,10,637.67,14.49,9.09%,7,1,0,2,4,0,0
STL,Sammy Blais,blaissa01,53,1,6,7,33,194,19,31,513.53,9.69,3.03%,1,0,0,0,6,0,0
CAR,Jackson Blake,blakeja02,1,0,0,0,2,0,0,0,15.3,15.3,0.00%,0,0,0,0,0,0,0
CBJ,Nick Blankenburg,blankni01,12,1,0,1,10,21,15,4,194.58,16.22,10.00%,1,0,0,0,0,0,0
NYR,Anton Blidh,blidhan01,1,0,0,0,1,1,0,2,5.35,5.35,0.00%,0,0,0,0,0,0,0
VAN,Teddy Blueger,bluegte01,68,6,22,28,97,98,43,31,1015.6,14.94,6.19%,4,0,2,0,20,0,2
VAN,Brock Boeser,boesebr01,81,40,33,73,204,56,29,14,1506.78,18.6,19.61%,24,16,0,4,24,9,0
TBL,Zach Bogosian,bogosza01,4,0,0,0,6,4,2,0,47.8,11.95,0.00%,0,0,0,0,0,0,0
MIN,Zach Bogosian,bogosza01,61,3,11,14,77,105,81,63,1114.43,18.27,3.90%,3,0,0,1,10,0,1
NYI,Samuel Bolduc,boldusa01,34,2,3,5,32,44,40,6,446.93,13.15,6.25%,1,1,0,0,3,0,0
STL,Zachary Bolduc,bolduza01,25,5,4,9,38,12,12,6,300.38,12.02,13.16%,5,0,0,0,4,0,0
MIN,Matt Boldy,boldyma01,75,29,40,69,227,33,32,48,1418.33,18.91,12.78%,19,10,0,7,25,15,0
NYR,Nick Bonino,boninni01,45,1,4,5,31,10,78,8,551.43,12.25,3.23%,1,0,0,0,4,0,0
CBJ,Adam Boqvist,boqviad01,35,1,9,10,45,11,42,0,639.92,18.28,2.22%,1,0,0,0,5,4,0
BOS,Jesper Boqvist,boqvije01,47,6,8,14,51,71,15,8,524.05,11.15,11.76%,6,0,0,1,8,0,0
SJS,Thomas Bordeleau,bordeth01,27,6,5,11,48,12,19,18,405.65,15.02,12.50%,2,4,0,1,2,3,0
SEA,William Borgen,borgewi01,82,3,22,25,97,195,111,65,1442.2,17.59,3.09%,3,0,0,0,22,0,0
STL,Robert Bortuzzo,borturo01,4,0,0,0,1,5,3,7,41.57,10.39,0.00%,0,0,0,0,0,0,0
NYI,Robert Bortuzzo,borturo01,23,0,0,0,10,33,48,20,329.17,14.31,0.00%,0,0,0,0,0,0,0
EDM,Evan Bouchard,bouchev01,81,18,64,82,220,71,105,32,1862.77,23,8.18%,10,8,0,7,37,27,0
DAL,Mavrik Bourque,bourqma01,1,0,0,0,2,1,0,0,10.93,10.93,0.00%,0,0,0,0,0,0,0
NJD,Shane Bowers,bowersh01,8,0,0,0,7,3,3,0,75.65,9.46,0.00%,0,0,0,0,0,0,0
ARI,Travis Boyd,boydtr01,16,2,6,8,12,10,10,2,153.95,9.62,16.67%,2,0,0,1,6,0,0
OTT,Erik Brännström,branner01,75,3,17,20,77,46,106,36,1241.48,16.55,3.90%,3,0,0,0,16,0,1
NSH,Erik Brännström,branner01,1,0,0,0,0,0,4,0,19.43,19.43,--,0,0,0,0,0,0,0
NJD,Jesper Bratt,brattje01,82,27,56,83,248,66,33,12,1583.2,19.31,10.89%,20,7,0,7,35,20,1
BOS,Justin Brazeau,brazeju01,19,5,2,7,31,43,12,2,211.23,11.12,16.13%,3,2,0,1,2,0,0
CBJ,Gavin Brindley,brindga01,1,0,0,0,0,0,0,0,12.33,12.33,--,0,0,0,0,0,0,0
PHI,Bobby Brink,brinkbo01,57,11,12,23,81,36,24,10,786.2,13.79,13.58%,8,3,0,2,10,2,0
VEG,Brendan Brisson,brissbr01,15,2,6,8,20,13,4,2,185.05,12.34,10.00%,1,1,0,1,5,1,0
EDM,Philip Broberg,brobeph01,12,0,2,2,6,4,10,0,139.42,11.62,0.00%,0,0,0,0,1,1,0
MIN,Jonas Brodin,brodijo01,62,7,20,27,117,21,142,16,1449.08,23.37,5.98%,7,0,0,1,19,1,0
TOR,T.J. Brodie,broditj01,78,1,25,26,52,41,159,40,1694.25,21.72,1.92%,1,0,0,0,25,0,0
NYR,Jonny Brodzinski,brodzjo01,57,6,13,19,89,34,24,8,634.27,11.13,6.74%,5,1,0,2,12,1,0
EDM,Connor Brown,brownco02,71,4,8,12,108,32,24,10,908.77,12.8,3.70%,4,0,0,0,8,0,0
ARI,Josh Brown,brownjo01,50,3,7,10,44,108,81,71,737.82,14.76,6.82%,3,0,0,1,7,0,0
FLA,Josh Brown,brownjo01,1,0,0,0,0,4,4,4,14.5,14.5,--,0,0,0,0,0,0,0
BOS,Patrick Brown,brownpa02,11,0,1,1,7,25,3,2,97.08,8.83,0.00%,0,0,0,0,1,0,0
BUF,Jacob Bryson,brysoja01,36,1,7,8,15,17,40,8,528.37,14.68,6.67%,1,0,0,0,7,0,0
STL,Pavel Buchnevich,buchnpa01,80,27,36,63,207,43,28,48,1585.97,19.82,13.04%,17,8,2,5,25,10,1
CAR,Michael Bunting,buntimi01,60,13,23,36,113,25,15,55,906.72,15.11,11.50%,7,6,0,1,13,10,0
PIT,Michael Bunting,buntimi01,21,6,13,19,55,24,6,2,363.82,17.32,10.91%,5,1,0,2,9,4,0
SEA,André Burakovsky,burakan01,49,7,9,16,92,13,14,14,713.68,14.56,7.61%,2,5,0,1,5,4,0
CAR,Callahan Burke,burkeca01,1,0,0,0,0,3,0,0,7.1,7.1,--,0,0,0,0,0,0,0
CAR,Brent Burns,burnsbr01,82,10,33,43,185,41,87,20,1763.07,21.5,5.41%,5,4,1,0,17,16,0
SJS,Kyle Burroughs,burroky01,73,2,6,8,79,233,134,71,1397.63,19.15,2.53%,2,0,0,1,5,1,0
CBJ,Cameron Butler,butleca01,1,0,0,0,0,0,0,0,0.9,0.9,--,0,0,0,0,0,0,0
LAK,Quinton Byfield,byfiequ01,80,20,35,55,161,66,19,42,1318.7,16.48,12.42%,14,6,0,4,27,8,0
COL,Bowen Byram,byrambo01,55,8,12,20,63,60,75,40,1091.72,19.85,12.70%,8,0,0,0,12,0,0
BUF,Bowen Byram,byrambo01,18,3,6,9,21,34,29,13,393.28,21.85,14.29%,3,0,0,0,5,1,0
ARI,Michael Carcone,carcomi01,73,21,8,29,109,55,22,35,822.93,11.27,19.27%,19,1,1,4,7,1,0
FLA,Michael Carcone,carcomi01,1,0,0,0,2,1,0,0,11.12,11.12,0.00%,0,0,0,0,0,0,0
TBL,Declan Carlile,carlide01,1,0,0,0,0,1,2,0,11.45,11.45,--,0,0,0,0,0,0,0
BOS,Brandon Carlo,carlobr01,76,4,10,14,79,140,140,42,1512.68,19.9,5.06%,4,0,0,1,10,0,0
WSH,John Carlson,carlsjo01,82,10,42,52,176,69,194,40,2123.12,25.89,5.68%,4,6,0,5,27,15,0
ANA,Leo Carlsson,carlsle01,55,12,17,29,109,28,25,16,996,18.11,11.01%,8,4,0,0,12,5,0
SJS,Ryan Carpenter,carpery01,62,5,7,12,58,47,31,6,688.38,11.1,8.62%,5,0,0,0,7,0,0
NSH,Alexandre Carrier,carrial01,73,4,16,20,77,60,137,44,1372.42,18.8,5.19%,3,0,1,2,15,1,0
ANA,Sam Carrick,carrisa01,61,8,3,11,77,137,27,90,770.02,12.62,10.39%,5,1,2,0,3,0,0
EDM,Sam Carrick,carrisa01,16,2,3,5,15,30,8,12,170.88,10.68,13.33%,2,0,0,0,3,0,0
VEG,William Carrier,carriwi01,39,6,2,8,65,90,16,16,435.67,11.17,9.23%,6,0,0,0,2,0,0
PIT,Jeff Carter,carteje01,71,11,4,15,88,82,33,12,890.12,12.54,12.50%,5,4,2,4,4,0,0
CAR,Jeff Carter,carteje01,1,0,0,0,2,1,0,0,14.97,14.97,0.00%,0,0,0,0,0,0,0
PHI,Noah Cates,catesno01,59,6,12,18,78,52,35,0,814.03,13.8,7.69%,6,0,0,1,10,0,2
MTL,Cole Caufield,caufico01,82,28,37,65,314,56,22,16,1592.48,19.42,8.92%,19,9,0,7,25,12,0
EDM,Cody Ceci,cecico01,79,5,20,25,97,91,106,14,1581.78,20.02,5.15%,5,0,0,0,19,0,1
TBL,Erik Černák,cernaer01,69,2,11,13,53,198,109,63,1323.83,19.19,3.77%,2,0,0,0,11,0,0
OTT,Thomas Chabot,chaboth01,51,9,21,30,118,44,88,22,1175.3,23.05,7.63%,8,1,0,0,15,6,0
TBL,Mitchell Chaffee,chaffmi01,30,4,3,7,27,88,20,4,338.65,11.29,14.81%,4,0,0,0,3,0,0
OTT,Rourke Chartier,chartro01,37,2,1,3,40,32,11,14,398.47,10.77,5.00%,2,0,0,1,1,0,0
CAR,Jalen Chatfield,chatfja01,72,8,14,22,90,58,66,24,1094.2,15.2,8.89%,8,0,0,2,14,0,0
DET,Ben Chiarot,chiarbe01,77,5,15,20,107,163,167,56,1522.88,19.78,4.67%,5,0,0,1,15,0,0
WPG,Nikita Chibrikov,chibrni01,1,1,0,1,3,5,0,0,11.05,11.05,33.33%,1,0,0,1,0,0,0
CBJ,Yegor Chinakhov,chinaye01,53,16,13,29,110,43,28,6,803.88,15.17,14.55%,15,1,0,3,12,1,0
WPG,Declan Chisholm,chishde01,2,0,1,1,0,0,2,0,23.1,11.55,--,0,0,0,0,1,0,0
MIN,Declan Chisholm,chishde01,29,3,5,8,29,12,36,18,489.3,16.87,10.34%,1,2,0,0,2,3,0
CBJ,Jake Christiansen,chrisja01,12,0,2,2,7,10,15,2,158.63,13.22,0.00%,0,0,0,0,2,0,0
OTT,Jakob Chychrun,chychja01,82,14,27,41,204,72,154,60,1835.97,22.39,6.86%,7,7,0,2,18,9,0
NYR,Filip Chytil,chytifi01,10,0,6,6,22,4,4,4,159.3,15.93,0.00%,0,0,0,0,5,1,0
TBL,Anthony Cirelli,cirelan01,79,20,25,45,129,64,75,38,1462.98,18.52,15.50%,15,3,2,3,21,4,0
NYI,Casey Cizikas,cizikca01,70,10,13,23,82,135,71,22,975.87,13.94,12.20%,9,0,1,1,12,1,0
BUF,Kale Clague,claguka01,3,0,1,1,2,1,0,2,36.82,12.27,0.00%,0,0,0,0,1,0,0
LAK,Brandt Clarke,clarkbr02,16,2,4,6,31,6,21,10,218.42,13.65,6.45%,2,0,0,1,1,3,0
NJD,Graeme Clarke,clarkgr01,3,0,0,0,2,6,0,2,34.15,11.38,0.00%,0,0,0,0,0,0,0
BUF,Connor Clifton,cliftco01,79,4,14,18,77,204,117,88,1307.92,16.56,5.19%,4,0,0,1,14,0,0
NYI,Cal Clutterbuck,cluttca01,82,7,12,19,59,273,55,32,974.12,11.88,11.86%,7,0,0,0,12,0,0
CAR,Dylan Coghlan,coghldy01,1,0,0,0,3,1,3,0,17.98,17.98,0.00%,0,0,0,0,0,0,0
COL,Andrew Cogliano,coglian01,75,6,13,19,61,33,40,16,795.73,10.61,9.84%,5,0,1,0,10,0,3
ANA,Sam Colangelo,colansa01,3,1,0,1,7,3,2,2,37.67,12.56,14.29%,1,0,0,0,0,0,0
VAN,Ian Cole,coleia01,78,2,9,11,61,83,166,61,1457.77,18.69,3.28%,2,0,0,0,9,0,0
CGY,Blake Coleman,colembl01,78,30,24,54,191,128,57,76,1336.38,17.13,15.71%,23,3,4,7,22,0,2
COL,Ross Colton,coltoro01,80,17,23,40,146,141,46,61,1097.53,13.72,11.64%,14,3,0,2,21,2,0
DET,J.T. Compher,comphj.01,77,19,29,48,108,51,59,34,1492.9,19.39,17.59%,12,5,2,0,24,5,0
CAR,Max Comtois,comtoma01,1,0,1,1,1,0,0,0,13.07,13.07,0.00%,0,0,0,0,1,0,0
MTL,Lucas Condotta,condolu01,3,0,0,0,2,5,1,0,22.5,7.5,0.00%,0,0,0,0,0,0,0
WPG,Kyle Connor,connoky01,65,34,27,61,221,14,19,6,1282.1,19.72,15.38%,29,5,0,10,13,14,0
ARI,Logan Cooley,coolelo01,82,20,24,44,151,50,27,18,1296.82,15.81,13.25%,16,3,1,2,14,10,0
DET,Andrew Copp,coppan01,79,13,20,33,109,33,51,26,1285.67,16.27,11.93%,11,1,1,3,16,2,2
VEG,Lukas Cormier,cormilu01,2,0,1,1,3,1,2,0,34.57,17.28,0.00%,0,0,0,0,0,1,0
CGY,Matthew Coronato,coronma01,34,3,6,9,58,7,7,4,428.78,12.61,5.17%,2,1,0,0,6,0,0
VEG,Paul Cotter,cottepa01,76,7,18,25,100,233,29,41,967.27,12.73,7.00%,5,2,0,0,16,2,0
FLA,Nick Cousins,cousini01,69,7,8,15,111,130,33,64,840.83,12.19,6.31%,7,0,0,3,8,0,0
SJS,Logan Couture,coutulo01,6,0,1,1,7,8,8,4,112.52,18.75,0.00%,0,0,0,0,1,0,0
PHI,Sean Couturier,coutuse01,74,11,27,38,192,59,41,29,1318.97,17.82,5.73%,8,3,0,3,21,4,2
BOS,Charlie Coyle,coylech01,82,25,35,60,147,131,60,38,1481.45,18.07,17.01%,17,7,1,5,27,4,4
BUF,Dylan Cozens,cozendy01,79,18,29,47,200,108,27,42,1360.82,17.23,9.00%,13,2,3,1,21,8,0
CHI,Louis Crevier,crevilo01,24,0,3,3,18,30,50,4,376.4,15.68,0.00%,0,0,0,0,3,0,0
OTT,Angus Crookshank,crookan01,13,2,1,3,20,20,8,4,131.47,10.11,10.00%,2,0,0,1,1,0,0
PIT,Sidney Crosby,crosbsi01,82,42,52,94,278,101,37,40,1647.12,20.09,15.11%,32,10,0,3,39,13,0
ARI,Cameron Crotty,crottca01,1,0,0,0,0,4,2,0,10.05,10.05,--,0,0,0,0,0,0,0
ARI,Lawson Crouse,crousla01,81,23,19,42,171,175,57,36,1362.18,16.82,13.45%,16,7,0,2,15,3,1
TBL,Maxwell Crozier,crozima01,13,0,2,2,13,16,11,7,168.15,12.93,0.00%,0,0,0,0,2,0,0
NYR,William Cuylle,cuyllwi01,81,13,8,21,119,249,26,56,901.17,11.13,10.92%,12,1,0,2,7,1,0
DET,Austin Czarnik,czarnau01,34,0,1,1,24,19,16,12,286.92,8.44,0.00%,0,0,0,0,1,0,0
MTL,Kirby Dach,dachki01,2,0,2,2,3,3,0,0,26.03,13.02,0.00%,0,0,0,0,2,0,0
DAL,Evgenii Dadonov,dadonev01,51,12,11,23,67,35,19,8,671.97,13.18,17.91%,11,1,0,3,10,1,0
BUF,Rasmus Dahlin,dahlira01,81,20,39,59,235,195,154,66,2059.22,25.42,8.51%,14,6,0,2,25,14,0
LAK,Phillip Danault,danauph01,78,17,30,47,159,80,60,18,1405.65,18.02,10.69%,14,3,0,2,22,6,2
CBJ,Justin Danforth,danfoju01,71,10,16,26,86,109,46,26,1013.43,14.27,11.63%,10,0,0,1,16,0,0
CAR,Tony DeAngelo,deangan01,31,3,8,11,44,4,18,24,444.52,14.34,6.82%,1,2,0,0,4,4,0
STL,Zach Dean,deanza01,9,0,0,0,10,10,5,6,94.98,10.55,0.00%,0,0,0,0,0,0,0
DET,Alex DeBrincat,debrial01,82,27,40,67,237,66,35,34,1467.15,17.89,11.39%,16,11,0,1,32,8,0
BOS,Jake DeBrusk,debruja01,80,19,21,40,183,107,48,18,1346.58,16.83,10.38%,15,2,2,3,13,8,0
TBL,Calvin de Haan,dehaaca01,58,3,7,10,56,95,79,22,964.17,16.62,5.36%,3,0,0,0,7,0,0
CAR,Calvin de Haan,dehaaca01,1,0,0,0,0,1,3,0,16.73,16.73,--,0,0,0,0,0,0,0
CBJ,Luca Del Bel Belluz,delbelu01,1,1,0,1,2,0,0,0,9.58,9.58,50.00%,1,0,0,0,0,0,0
NSH,Marc Del Gaizo,delgama01,9,0,3,3,8,20,10,2,148.15,16.46,0.00%,0,0,0,0,3,0,0
DAL,Ty Dellandrea,dellaty01,42,2,7,9,53,63,17,23,532.2,12.67,3.77%,2,0,0,0,7,0,0
CHI,Ethan Del Mastro,delmaet01,2,0,0,0,0,2,0,0,37.15,18.58,--,0,0,0,0,0,0,0
WPG,Dylan DeMelo,demeldy01,82,3,28,31,83,167,139,36,1781.83,21.73,3.61%,3,0,0,0,27,1,0
VEG,Grigori Denisenko,denisgr01,6,0,0,0,5,14,2,2,65.08,10.85,0.00%,0,0,0,0,0,0,0
ARI,Travis Dermott,dermotr01,49,2,5,7,38,52,62,26,848.32,17.31,5.26%,2,0,0,0,5,0,0
FLA,Travis Dermott,dermotr01,1,0,0,0,0,0,2,0,15.65,15.65,--,0,0,0,0,0,0,0
EDM,Vincent Desharnais,deshavi01,78,1,10,11,41,135,122,54,1226.78,15.73,2.44%,1,0,0,0,9,0,1
CGY,Nick DeSimone,desimni01,23,1,4,5,19,15,21,2,276.97,12.04,5.26%,1,0,0,1,4,0,0
NJD,Nick DeSimone,desimni01,10,1,1,2,9,14,18,2,162.98,16.3,11.11%,1,0,0,0,1,0,0
TOR,Nick DeSimone,desimni01,1,0,0,0,0,0,3,0,18.4,18.4,--,0,0,0,0,0,0,0
PHI,Nicolas Deslauriers,deslani01,60,1,3,4,49,188,21,89,488.97,8.15,2.04%,1,0,0,0,3,0,0
MIN,Connor Dewar,dewarco01,57,10,4,14,57,94,27,20,642.68,11.28,17.54%,9,0,1,0,4,0,0
TOR,Connor Dewar,dewarco01,17,1,4,5,20,29,11,8,219.42,12.91,5.00%,1,0,0,0,4,0,0
CHI,Jason Dickinson,dickija01,82,22,13,35,126,143,73,43,1358.82,16.57,17.46%,20,2,0,4,13,0,0
VAN,Phillip Di Giuseppe,digiuph01,51,5,5,10,52,93,23,36,616.87,12.1,9.62%,5,0,0,1,5,0,0
WPG,Brenden Dillon,dillobr01,77,8,12,20,79,241,111,92,1443.08,18.74,10.13%,8,0,0,2,12,0,0
ARI,Josh Doan,doanjo01,11,5,4,9,23,7,7,0,135.4,12.31,21.74%,5,0,0,1,4,0,0
NYI,Noah Dobson,dobsono01,79,10,60,70,174,84,180,36,1936.25,24.51,5.75%,9,1,0,4,36,23,1
TOR,Max Domi,domima01,80,9,38,47,137,53,22,118,1102.8,13.79,6.57%,8,1,0,1,37,1,0
CHI,Ryan Donato,donatry01,78,12,18,30,149,104,24,26,1091.93,14,8.05%,11,1,0,0,16,2,0
VEG,Pavel Dorofeyev,dorofpa01,47,13,11,24,97,18,23,12,624,13.28,13.40%,13,0,0,1,10,1,0
LAK,Drew Doughty,doughdr01,82,15,35,50,135,109,142,44,2115.07,25.79,11.11%,8,7,0,3,22,13,0
WSH,Nic Dowd,dowdni01,64,12,10,22,61,118,72,47,972.97,15.2,19.67%,12,0,0,2,10,0,0
NJD,Justin Dowling,dowliju01,2,1,0,1,3,1,1,0,21.05,10.53,33.33%,1,0,0,0,0,0,0
EDM,Leon Draisaitl,draisle01,81,41,65,106,217,58,26,76,1676.33,20.7,18.89%,20,21,0,7,45,18,2
COL,Jonathan Drouin,drouijo01,79,19,37,56,127,41,33,28,1436.63,18.19,14.96%,14,5,0,2,23,14,0
CAR,Jack Drury,druryja01,74,8,19,27,106,30,35,33,908.65,12.28,7.55%,6,2,0,0,14,5,0
ANA,Jamie Drysdale,drysdja01,10,1,4,5,21,8,16,4,215.88,21.59,4.76%,1,0,0,0,3,0,1
PHI,Jamie Drysdale,drysdja01,24,2,3,5,34,18,27,4,451.32,18.8,5.88%,1,1,0,0,2,1,0
CGY,Dillon Dubé,dubedi01,43,3,4,7,42,35,18,8,480.05,11.16,7.14%,2,1,0,0,4,0,0
WSH,Pierrick Dube,dubepi01,3,0,0,0,3,2,3,2,27.98,9.33,0.00%,0,0,0,0,0,0,0
LAK,Pierre-Luc Dubois,duboipi01,82,16,24,40,146,96,37,70,1287.5,15.7,10.96%,9,7,0,4,23,1,0
DAL,Matt Duchene,duchema01,80,25,40,65,172,30,48,20,1341.3,16.77,14.53%,19,6,0,7,30,10,0
SJS,Anthony Duclair,duclaan01,56,16,11,27,98,35,28,28,905.77,16.17,16.33%,11,5,0,1,6,5,0
TBL,Anthony Duclair,duclaan01,17,8,7,15,31,14,7,6,245.72,14.45,25.81%,8,0,0,0,5,2,0
CGY,Walker Duehr,duehrwa01,40,2,5,7,29,67,13,6,324.67,8.12,6.90%,2,0,0,0,5,0,0
MIN,Brandon Duhaime,duhaibr01,62,4,4,8,68,155,29,66,662.27,10.68,5.88%,3,0,1,0,4,0,0
COL,Brandon Duhaime,duhaibr01,18,1,4,5,24,53,8,4,206.52,11.47,4.17%,1,0,0,0,4,0,0
ARI,Mathew Dumba,dumbama01,58,4,6,10,61,150,84,55,1164.08,20.07,6.56%,4,0,0,0,6,0,0
TBL,Mathew Dumba,dumbama01,18,0,2,2,25,52,24,33,335.6,18.64,0.00%,0,0,0,0,2,0,0
SEA,Brian Dumoulin,dumoubr01,80,6,10,16,69,72,79,20,1361.25,17.02,8.70%,6,0,0,1,10,0,0
SEA,Vince Dunn,dunnvi02,59,11,35,46,120,39,64,78,1362.13,23.09,9.17%,7,4,0,0,22,12,1
ARI,Sean Durzi,durzise01,76,9,32,41,142,44,160,63,1726.68,22.72,6.34%,6,3,0,1,19,13,0
MTL,Christian Dvorak,dvorach01,30,5,4,9,35,16,19,4,465.93,15.53,14.29%,4,1,0,0,4,0,0
SEA,Jordan Eberle,eberljo01,78,17,27,44,168,30,23,17,1360.7,17.44,10.12%,11,6,0,3,21,6,0
WSH,Joel Edmundson,edmunjo01,44,1,5,6,41,59,49,19,723.13,16.43,2.44%,1,0,0,0,5,0,0
TOR,Joel Edmundson,edmunjo01,9,0,0,0,5,21,16,4,160.17,17.8,0.00%,0,0,0,0,0,0,0
NYR,Adam Edstrom,edstrad01,11,2,0,2,7,30,2,2,92.52,8.41,28.57%,2,0,0,0,0,0,0
DET,Simon Edvinsson,edvinsi01,16,1,1,2,13,26,25,4,292.08,18.26,7.69%,1,0,0,0,1,0,0
WPG,Nikolaj Ehlers,ehlerni01,82,25,36,61,233,30,39,29,1301.65,15.87,10.73%,25,0,0,7,29,7,0
VEG,Jack Eichel,eicheja01,63,31,37,68,278,26,61,27,1292.75,20.52,11.15%,20,11,0,7,24,11,2
FLA,Aaron Ekblad,ekblaaa01,51,4,14,18,98,85,59,50,1064.03,20.86,4.08%,3,1,0,1,11,3,0
EDM,Mattias Ekholm,ekholma01,79,11,34,45,177,136,93,47,1662.9,21.05,6.21%,8,2,1,3,33,1,0
SJS,William Eklund,eklunwi01,80,16,29,45,128,39,72,30,1492.97,18.66,12.50%,8,8,0,5,20,8,1
FLA,Oliver Ekman-Larsson,ekmanol01,80,9,23,32,123,105,70,76,1471.5,18.39,7.32%,8,1,0,3,13,10,0
PIT,Lars Eller,ellerla01,81,15,16,31,153,55,55,32,1295.47,15.99,9.80%,10,4,1,0,14,1,1
CAR,Lars Eller,ellerla01,1,0,0,0,1,0,1,0,13.7,13.7,0.00%,0,0,0,0,0,0,0
SJS,Ty Emberson,emberty01,30,1,9,10,31,94,46,6,556.48,18.55,3.23%,1,0,0,0,8,1,0
LAK,Andreas Englund,engluan01,82,1,9,10,41,189,87,81,1084.23,13.22,2.44%,1,0,0,0,9,0,0
NYI,Pierre Engvall,engvapi01,74,10,18,28,128,28,21,18,1134.05,15.33,7.81%,8,2,0,1,13,5,0
CHI,Mackenzie Entwistle,entwima01,67,5,6,11,66,139,32,47,762.93,11.39,7.58%,5,0,0,1,6,0,0
MIN,Joel Eriksson Ek,eriksjo02,77,30,34,64,267,169,55,60,1580.62,20.53,11.24%,17,12,1,5,25,9,0
EDM,Adam Erne,ernead01,24,1,1,2,13,68,5,9,187.65,7.82,7.69%,1,0,0,0,1,0,0
NSH,Luke Evangelista,evanglu01,80,16,23,39,172,30,23,18,1116.43,13.96,9.30%,13,3,0,1,16,7,0
MTL,Jake Evans,evansja02,82,7,21,28,81,86,65,24,1313.5,16.02,8.64%,6,0,1,1,21,0,0
SEA,Ryker Evans,evansry01,36,1,8,9,44,62,38,20,690.43,19.18,2.27%,1,0,0,0,3,5,0
TBL,Michael Eyssimont,eyssimi01,79,11,13,24,147,131,29,104,931.93,11.8,7.48%,9,2,0,2,12,1,0
CAR,Michael Eyssimont,eyssimi01,1,0,1,1,0,3,2,0,14.52,14.52,--,0,0,0,0,0,1,0
ARI,Michael Eyssimont,eyssimi01,1,0,0,0,2,1,0,0,13.63,13.63,0.00%,0,0,0,0,0,0,0
NSH,Dante Fabbro,fabbrda01,56,3,10,13,65,45,88,24,915.63,16.35,4.62%,3,0,0,0,10,0,0
DET,Robby Fabbri,fabbrro01,68,18,14,32,97,77,29,32,875.05,12.87,18.56%,13,5,0,3,7,7,0
MIN,Brock Faber,faberbr01,82,8,39,47,136,65,150,26,2047.88,24.97,5.88%,5,3,0,1,26,13,0
NSH,Samuel Fagemo,fagemsa01,4,1,0,1,7,1,3,0,39.28,9.82,14.29%,0,1,0,0,0,0,0
LAK,Samuel Fagemo,fagemsa01,4,0,0,0,6,4,0,0,34.2,8.55,0.00%,0,0,0,0,0,0,0
DAL,Radek Faksa,faksara01,74,7,12,19,71,97,42,20,926.15,12.52,9.86%,5,0,2,2,10,0,2
CBJ,Adam Fantilli,fantiad01,49,12,15,27,115,63,25,16,769.8,15.71,10.43%,11,1,0,1,13,2,0
PHI,Joel Farabee,farabjo01,82,22,28,50,182,67,50,37,1327.28,16.19,12.09%,20,2,0,2,23,5,0
NYI,Hudson Fasching,faschhu01,45,4,10,14,41,40,31,6,541.92,12.04,9.76%,4,0,0,1,10,0,0
CAR,Jesper Fast,fastje01,73,6,13,19,79,79,23,16,920.13,12.6,7.59%,6,0,0,0,13,0,0
STL,Justin Faulk,faulkju01,60,2,28,30,132,83,104,39,1317.73,21.96,1.52%,1,1,0,1,21,6,1
WSH,Martin Fehérváry,feherma01,66,3,13,16,61,188,109,24,1295.65,19.63,4.92%,3,0,0,0,12,0,1
SJS,Mario Ferraro,ferrama01,78,3,18,21,124,124,195,36,1783.82,22.87,2.42%,3,0,0,0,18,0,0
LAK,Kevin Fiala,fialake01,82,29,44,73,225,67,28,62,1478.92,18.04,12.89%,18,11,0,2,25,19,0
DET,Christian Fischer,fischch01,79,5,14,19,86,138,32,36,901.13,11.41,5.81%,4,0,1,0,14,0,0
CBJ,Trey Fix-Wolansky,fixwotr01,11,2,1,3,17,11,6,2,120.87,10.99,11.76%,2,0,0,0,1,0,0
SEA,Cale Fleury,fleurca01,1,0,0,0,1,3,0,0,13.5,13.5,0.00%,0,0,0,0,0,0,0
TBL,Haydn Fleury,fleurha01,23,1,4,5,25,31,38,20,373.58,16.24,4.00%,1,0,0,0,4,0,0
ARI,Haydn Fleury,fleurha01,1,0,0,0,0,0,2,0,13.38,13.38,--,0,0,0,0,0,0,0
EDM,Warren Foegele,foegewa01,82,20,21,41,201,89,32,47,1146.02,13.98,9.95%,18,1,1,2,20,0,1
PHI,Tyson Foerster,foersty01,77,20,13,33,167,102,49,32,1329.7,17.27,11.98%,15,4,1,2,9,4,0
MIN,Marcus Foligno,foligma01,55,10,12,22,56,179,40,59,796.52,14.48,17.86%,10,0,0,3,11,0,1
CHI,Nick Foligno,foligni01,74,17,20,37,146,192,39,57,1314.58,17.76,11.64%,8,8,1,0,12,8,0
NJD,Callan Foote,footeca01,4,0,1,1,0,3,9,16,59.07,14.77,--,0,0,0,0,1,0,0
NJD,Nolan Foote,footeno01,4,1,0,1,6,3,2,0,40.4,10.1,16.67%,1,0,0,0,0,0,0
BOS,Derek Forbort,forbode01,35,0,4,4,22,68,65,17,622.78,17.79,0.00%,0,0,0,0,4,0,0
NSH,Filip Forsberg,forsbfi01,82,48,46,94,347,141,44,43,1550.25,18.91,13.83%,35,13,0,11,27,19,0
FLA,Gustav Forsling,forslgu02,79,10,29,39,160,111,102,43,1749.22,22.14,6.25%,9,1,0,1,28,1,0
COL,Jean-Luc Foudy,foudyje01,4,1,0,1,2,0,0,0,25.75,6.44,50.00%,1,0,0,0,0,0,0
CBJ,Liam Foudy,foudyli01,1,0,0,0,0,2,0,0,7.93,7.93,--,0,0,0,0,0,0,0
NSH,Liam Foudy,foudyli01,12,0,3,3,7,6,4,2,121.77,10.15,0.00%,0,0,0,0,3,0,0
ANA,Cam Fowler,fowleca01,81,5,34,39,109,41,119,24,1978.25,24.42,4.59%,3,2,0,0,17,16,1
NYR,Adam Fox,foxad01,72,17,56,73,137,44,123,36,1687.93,23.44,12.41%,10,6,1,5,28,27,1
BOS,Trent Frederic,fredetr01,82,18,22,40,123,204,52,69,1127.98,13.76,14.63%,16,2,0,1,22,0,0
VAN,Mark Friedman,friedma01,23,0,1,1,16,33,35,21,281.35,12.23,0.00%,0,0,0,0,1,0,0
VEG,Byron Froese,froesby01,16,0,1,1,17,22,8,4,170.7,10.67,0.00%,0,0,0,0,1,0,0
PHI,Morgan Frost,frostmo01,71,13,28,41,135,57,55,22,1123.72,15.83,9.63%,10,3,0,1,20,8,0
FLA,Jonah Gadjovich,gadjojo01,39,2,2,4,29,82,14,104,289.82,7.43,6.90%,2,0,0,0,2,0,0
EDM,Sam Gagner,gagnesa01,28,5,5,10,48,17,17,10,285.88,10.21,10.42%,5,0,0,2,4,1,0
MTL,Brendan Gallagher,gallabr01,77,16,15,31,154,63,35,74,1061.88,13.79,10.39%,15,1,0,2,12,3,0
PHI,Rhett Gardner,gardnrh01,1,0,0,0,0,1,1,0,7.47,7.47,--,0,0,0,0,0,0,0
VAN,Conor Garland,garlaco01,82,20,27,47,200,53,34,35,1192.15,14.54,10.00%,19,1,0,3,23,4,0
STL,Adam Gaudette,gaudead01,2,0,0,0,0,4,1,4,19.6,9.8,--,0,0,0,0,0,0,0
MIN,Frédérick Gaudreau,gaudrfr01,67,5,10,15,105,24,47,12,934.13,13.94,4.76%,3,2,0,1,5,5,0
CBJ,Johnny Gaudreau,gaudrjo01,81,12,48,60,160,2,23,22,1523.85,18.81,7.50%,11,1,0,3,31,17,0
CBJ,Brendan Gaunce,gauncbr01,24,2,2,4,24,49,8,6,281.88,11.75,8.33%,2,0,0,0,2,0,0
ANA,Cutter Gauthier,gauthcu01,1,0,1,1,3,0,0,0,15.4,15.4,0.00%,0,0,0,0,1,0,0
NYI,Julien Gauthier,gauthju01,27,5,4,9,32,63,17,8,274.58,10.17,15.63%,5,0,0,1,4,0,0
LAK,Vladislav Gavrikov,gavrivl01,77,6,17,23,114,55,114,28,1587.5,20.62,5.26%,6,0,0,1,16,0,1
ANA,Glenn Gawdin,gawdigl01,1,0,0,0,0,4,1,2,7.58,7.58,--,0,0,0,0,0,0,0
BOS,Morgan Geekie,geekimo01,76,17,22,39,130,137,50,28,1171.08,15.41,13.08%,13,4,0,1,14,8,0
MTL,Brandon Gignac,gignabr01,7,1,0,1,7,5,7,0,81.52,11.65,14.29%,1,0,0,0,0,0,0
CGY,Dennis Gilbert,gilbede01,34,1,6,7,23,59,49,16,417.63,12.28,4.35%,1,0,0,0,6,0,0
PHI,Adam Ginning,ginniad01,9,1,0,1,6,18,9,0,127.35,14.15,16.67%,1,0,0,0,0,0,0
TOR,Mark Giordano,giordma01,46,3,6,9,59,51,86,49,764.38,16.62,5.08%,3,0,0,1,6,0,0
COL,Samuel Girard,girarsa01,59,3,15,18,73,76,99,10,1143.5,19.38,4.11%,3,0,0,0,14,1,0
BUF,Zemgus Girgensons,girgeze01,63,8,6,14,73,141,36,21,746.53,11.85,10.96%,8,0,0,3,6,0,0
OTT,Claude Giroux,giroucl01,82,21,43,64,183,40,30,26,1647.55,20.09,11.48%,16,3,2,2,26,16,1
NSH,Cody Glass,glassco01,41,6,7,13,82,31,20,20,550.72,13.43,7.32%,6,0,0,1,6,1,0
TBL,Luke Glendening,glendlu01,79,9,1,10,56,120,52,39,917.98,11.62,16.07%,8,0,1,1,1,0,0
CAR,Luke Glendening,glendlu01,1,1,0,1,1,0,1,0,13.77,13.77,100.00%,1,0,0,0,0,0,0
ARI,Luke Glendening,glendlu01,1,0,0,0,0,1,0,0,9.17,9.17,--,0,0,0,0,0,0,0
MIN,Alex Goligoski,goligal01,36,0,10,10,32,27,41,18,533.1,14.81,0.00%,0,0,0,0,8,2,0
TBL,Gage Goncalves,goncaga01,2,0,0,0,0,2,0,6,19.92,9.96,--,0,0,0,0,0,0,0
NYR,Barclay Goodrow,goodrba01,80,4,8,12,61,170,86,78,1005.13,12.56,6.56%,3,0,1,1,8,0,0
DET,Shayne Gostisbehere,gostish01,81,10,46,56,139,29,75,16,1546.08,19.09,7.19%,8,2,0,2,19,27,0
SEA,Yanni Gourde,gourdya01,80,11,22,33,156,156,52,62,1395.82,17.45,7.05%,9,0,2,1,19,2,1
SJS,Collin Graf,grafco01,7,0,2,2,7,5,7,0,116.17,16.6,0.00%,0,0,0,0,1,1,0
SJS,Mikael Granlund,granlmi01,69,12,48,60,134,62,55,32,1446.2,20.96,8.96%,11,1,0,1,25,22,1
PIT,Ryan Graves,gravery01,70,3,11,14,77,72,142,30,1287.15,18.39,3.90%,3,0,0,1,11,0,0
BUF,Jordan Greenway,greenjo02,67,10,18,28,107,141,65,64,1155.72,17.25,9.35%,9,1,0,1,15,2,1
CGY,A.J. Greer,greeraj01,59,6,6,12,57,100,24,35,521.07,8.83,10.53%,5,1,0,0,6,0,0
TOR,Noah Gregor,gregono01,63,6,6,12,110,147,26,17,718.13,11.4,5.45%,4,1,1,1,6,0,0
OTT,Ridly Greig,greigri01,71,13,13,26,97,127,40,66,1045.92,14.73,13.40%,10,2,1,1,13,0,0
NSH,Ridly Greig,greigri01,1,0,0,0,0,2,1,0,15.58,15.58,--,0,0,0,0,0,0,0
ANA,Benoit-Olivier Groulx,groulbe01,45,0,2,2,32,101,30,22,548.48,12.19,0.00%,0,0,0,0,2,0,0
PIT,Jonathan Gruden,grudejo02,13,1,0,1,9,35,5,5,112.75,8.67,11.11%,1,0,0,0,0,0,0
LAK,Carl Grundström,grundca01,50,8,4,12,95,115,16,12,546.85,10.94,8.42%,6,1,1,1,4,0,0
BOS,Matt Grzelcyk,grzelma01,63,2,9,11,59,53,76,37,1108.65,17.6,3.39%,2,0,0,0,9,0,0
ANA,Radko Gudas,gudasra01,66,6,12,18,88,232,154,128,1287.3,19.5,6.82%,6,0,0,0,11,0,1
CBJ,Erik Gudbranson,gudbrer01,78,6,20,26,91,92,170,74,1533.48,19.66,6.59%,6,0,0,1,19,0,1
OTT,Max Guenette,guenema01,7,0,0,0,6,6,6,2,96.52,13.79,0.00%,0,0,0,0,0,0,0
ARI,Dylan Guenther,guentdy01,45,18,17,35,121,32,24,14,732.55,16.28,14.88%,8,9,1,4,12,4,1
PIT,Jake Guentzel,guentja01,50,22,30,52,185,36,21,14,1043.9,20.88,11.89%,18,4,0,2,21,9,0
CAR,Jake Guentzel,guentja01,17,8,17,25,53,12,7,8,297.48,17.5,15.09%,7,1,0,0,9,8,0
MTL,Kaiden Guhle,guhleka01,70,6,16,22,95,116,178,56,1459.55,20.85,6.32%,6,0,0,1,16,0,0
NSH,Denis Gurianov,guriade01,14,1,1,2,22,13,6,0,176.17,12.58,4.55%,1,0,0,0,1,0,0
PHI,Denis Gurianov,guriade01,4,0,0,0,4,1,0,0,43.65,10.91,0.00%,0,0,0,0,0,0,0
SJS,Daniil Gushchin,gushcda01,4,1,1,2,4,2,7,0,58.73,14.68,25.00%,1,0,0,0,1,0,0
WPG,David Gustafsson,gustada01,39,3,4,7,27,30,23,0,361.08,9.26,11.11%,3,0,0,0,4,0,0
NYR,Erik Gustafsson,gustaer02,76,6,25,31,93,63,66,35,1321.78,17.39,6.45%,6,0,0,1,16,9,0
CHI,Cole Guttman,guttmco01,27,4,4,8,50,11,14,7,340.73,12.62,8.00%,2,2,0,0,3,1,0
TBL,Brandon Hagel,hagelbr01,82,26,49,75,184,55,45,79,1578.98,19.26,14.13%,24,2,0,3,42,5,2
ANA,Robert Hägg,haggro01,5,0,0,0,6,21,10,4,63.92,12.78,0.00%,0,0,0,0,0,0,0
VEG,Nicolas Hague,hagueni01,73,2,10,12,105,153,111,43,1354.33,18.55,1.90%,2,0,0,1,10,0,0
DAL,Jani Hakanpää,hakanja01,64,2,10,12,56,196,123,33,1193.37,18.65,3.57%,2,0,0,1,10,0,0
CHI,Taylor Hall,hallta02,10,2,2,4,20,7,3,4,163.3,16.33,10.00%,2,0,0,1,1,1,0
NJD,Brian Halonen,halonbr01,2,0,0,0,2,2,0,0,16.57,8.28,0.00%,0,0,0,0,0,0,0
WSH,Hardy Haman Aktell,hamanha01,6,0,1,1,5,11,5,2,63.78,10.63,0.00%,0,0,0,0,1,0,0
EDM,James Hamblin,hamblja01,31,2,1,3,18,14,21,0,245.67,7.92,11.11%,2,0,0,0,1,0,0
NJD,Dougie Hamilton,hamildo01,20,5,11,16,61,18,24,20,419.5,20.98,8.20%,1,4,0,0,7,4,0
OTT,Travis Hamonic,hamontr01,47,2,4,6,49,54,74,40,697.37,14.84,4.08%,2,0,0,0,4,0,0
NSH,Travis Hamonic,hamontr01,1,0,0,0,1,0,1,0,9.93,9.93,0.00%,0,0,0,0,0,0,0
CGY,Noah Hanifin,hanifno01,61,11,24,35,123,46,89,22,1449.95,23.77,8.94%,8,3,0,1,18,5,1
VEG,Noah Hanifin,hanifno01,19,2,10,12,41,17,32,2,439.17,23.11,4.88%,0,2,0,1,6,3,1
DAL,Joel Hanley,hanlejo01,32,0,3,3,12,36,32,23,438.27,13.7,0.00%,0,0,0,0,3,0,0
CGY,Joel Hanley,hanlejo01,10,1,1,2,7,12,15,7,145.33,14.53,14.29%,1,0,0,0,1,0,0
PIT,Jansen Harkins,harkija01,44,0,4,4,35,72,13,21,359.58,8.17,0.00%,0,0,0,0,4,0,0
CAR,Jansen Harkins,harkija01,1,0,0,0,2,2,0,0,9.78,9.78,0.00%,0,0,0,0,0,0,0
DAL,Thomas Harley,harleth01,79,15,32,47,144,67,135,18,1660.33,21.02,10.42%,13,1,1,3,24,8,0
MTL,Jordan Harris,harrijo01,56,3,11,14,43,26,86,22,978.43,17.47,6.98%,3,0,0,0,11,0,0
MIN,Ryan Hartman,hartmry01,74,21,24,45,173,75,65,72,1222.23,16.52,12.14%,16,5,0,3,19,5,0
MTL,Rafaël Harvey-Pinard,harvera01,45,2,8,10,26,47,47,6,568.7,12.64,7.69%,2,0,0,0,7,0,1
NJD,Santeri Hatakka,hataksa01,12,0,2,2,12,14,12,4,175.75,14.65,0.00%,0,0,0,0,2,0,0
PHI,Garnet Hathaway,hathaga01,82,7,10,17,103,326,73,132,1024.03,12.49,6.80%,6,0,1,1,8,0,2
NJD,Erik Haula,haulaer01,76,16,19,35,155,94,49,54,1282.72,16.88,10.32%,14,1,1,2,16,2,1
SEA,John Hayden,haydejo01,2,0,0,0,1,3,1,0,13.45,6.73,0.00%,0,0,0,0,0,0,0
STL,Kevin Hayes,hayeske01,79,13,16,29,153,42,17,12,1142.88,14.47,8.50%,13,0,0,2,11,5,0
ARI,Barrett Hayton,haytoba01,33,3,7,10,66,17,15,26,561.45,17.01,4.55%,2,1,0,0,6,1,0
TBL,Victor Hedman,hedmavi01,78,13,63,76,168,65,102,76,1934.73,24.8,7.74%,9,4,0,2,36,27,0
BOS,Danton Heinen,heineda01,74,17,19,36,119,83,46,28,1070.43,14.47,14.29%,15,1,1,4,19,0,0
MTL,Emil Heineman,heineem01,4,0,0,0,0,7,1,0,39.82,9.95,--,0,0,0,0,0,0,0
DAL,Miro Heiskanen,heiskmi01,71,9,45,54,162,55,97,36,1742.37,24.54,5.56%,7,2,0,2,26,19,0
ANA,Adam Henrique,henriad01,60,18,24,42,111,59,57,33,1055.47,17.59,16.22%,11,5,2,3,16,5,3
EDM,Adam Henrique,henriad01,22,6,3,9,29,40,21,4,326.17,14.83,20.69%,6,0,0,1,3,0,0
SJS,Tomáš Hertl,hertlto01,48,15,19,34,113,48,46,22,1003.23,20.9,13.27%,9,5,1,1,15,4,0
VEG,Tomáš Hertl,hertlto01,6,2,2,4,11,11,3,0,103.2,17.2,18.18%,1,1,0,1,1,1,0
OTT,Matthew Highmore,highmma01,7,0,2,2,1,3,4,0,53.97,7.71,0.00%,0,0,0,0,2,0,0
PIT,Vinnie Hinostroza,hinosvi01,14,1,2,3,27,11,7,4,136.5,9.75,3.70%,1,0,0,0,2,0,0
DAL,Roope Hintz,hintzro01,80,30,35,65,182,36,38,22,1379.18,17.24,16.48%,19,8,3,6,23,11,1
VAN,Akito Hirose,hirosak01,3,0,0,0,0,3,5,0,36.32,12.11,--,0,0,0,0,0,0,0
NJD,Nico Hischier,hischni01,71,27,40,67,182,44,42,12,1383.23,19.48,14.84%,20,6,1,4,29,11,0
SJS,Mike Hoffman,hoffmmi02,66,10,13,23,71,28,27,20,906.28,13.73,14.08%,7,3,0,1,10,3,0
VAN,Nils Höglander,hoglani01,80,24,12,36,120,100,19,51,968.5,12.11,20.00%,24,0,0,5,12,0,0
DET,Justin Holl,hollju01,38,0,5,5,14,59,39,22,573.12,15.08,0.00%,0,0,0,0,5,0,0
EDM,Dylan Holloway,hollody01,38,6,3,9,56,91,14,29,432.12,11.37,10.71%,5,1,0,0,3,0,0
TOR,Pontus Holmberg,holmbpo01,54,7,10,17,54,51,42,18,624.7,11.57,12.96%,7,0,0,1,10,0,0
NYI,Simon Holmström,holmssi01,75,15,10,25,72,19,46,14,998.95,13.32,20.83%,10,0,5,3,8,0,2
NJD,Alexander Holtz,holtzal01,81,16,12,28,120,43,17,14,945.15,11.67,13.33%,15,1,0,3,11,1,0
TOR,Alexander Holtz,holtzal01,1,0,0,0,2,1,0,0,8.92,8.92,0.00%,0,0,0,0,0,0,0
NYI,Bo Horvat,horvabo01,81,33,35,68,248,61,42,39,1595.2,19.69,13.31%,22,10,1,6,26,8,1
VEG,Brett Howden,howdebr01,72,8,11,19,76,86,51,39,952.37,13.23,10.53%,6,0,2,0,11,0,0
VAN,Filip Hronek,hronefi01,81,5,43,48,148,104,87,38,1898.75,23.44,3.38%,3,2,0,0,34,9,0
CGY,Jonathan Huberdeau,huberjo01,81,12,40,52,143,60,37,49,1411.18,17.42,8.39%,8,4,0,2,25,15,0
NJD,Jack Hughes,hugheja03,62,27,47,74,274,10,24,12,1300.38,20.97,9.85%,18,9,0,4,25,22,0
NJD,Luke Hughes,hughelu01,82,9,38,47,135,24,55,28,1760.83,21.47,6.67%,5,4,0,1,17,21,0
VAN,Quinn Hughes,hughequ01,82,17,75,92,199,29,55,38,2024.17,24.68,8.54%,12,5,0,2,42,33,0
MIN,Daemon Hunt,huntda01,12,0,1,1,7,8,17,0,138.05,11.5,0.00%,0,0,0,0,1,0,0
CGY,Dryden Hunt,huntdr01,28,3,5,8,33,73,6,7,311.62,11.13,9.09%,3,0,0,1,5,0,0
MTL,Lane Hutson,hutsola01,2,0,2,2,3,1,0,0,45.43,22.72,0.00%,0,0,0,0,2,0,0
VEG,Ben Hutton,huttobe01,41,2,8,10,67,17,54,17,666.57,16.26,2.99%,2,0,0,0,7,1,0
NYI,Grant Hutton,huttogr01,2,0,0,0,0,4,1,0,17.53,8.77,--,0,0,0,0,0,0,0
EDM,Zach Hyman,hymanza01,80,54,23,77,290,87,37,48,1560.03,19.5,18.62%,39,15,0,7,18,5,0
WPG,Alex Iafallo,iafalal01,82,11,16,27,120,43,67,6,1255.7,15.31,9.17%,9,2,0,2,12,3,1
OTT,Bokondji Imama,imamabo01,6,0,0,0,1,22,1,7,33.52,5.59,0.00%,0,0,0,0,0,0,0
WSH,Vincent Iorio,ioriovi01,6,0,0,0,6,3,3,0,58.95,9.83,0.00%,0,0,0,0,0,0,0
NYI,Ruslan Iskhakov,iskharu01,1,0,1,1,2,0,0,0,14.18,14.18,0.00%,0,0,0,0,0,1,0
NSH,Mark Jankowski,jankoma01,32,7,8,15,48,8,11,8,405.35,12.67,14.58%,6,0,1,1,7,1,0
EDM,Mattias Janmark,janmama02,71,4,8,12,67,55,19,46,844.57,11.9,5.97%,4,0,0,0,8,0,0
TOR,Calle Järnkrok,jarnkca01,52,10,11,21,92,55,13,18,793.43,15.26,10.87%,9,0,1,3,9,1,1
OTT,Roby Jarventie,jarvero01,7,0,1,1,5,5,6,4,52.65,7.52,0.00%,0,0,0,0,1,0,0
CAR,Seth Jarvis,jarvise01,81,33,34,67,176,115,52,14,1518.75,18.75,18.75%,18,13,2,9,26,7,1
TBL,Tanner Jeannot,jeannta01,55,7,7,14,59,211,27,75,661,12.02,11.86%,6,1,0,0,6,1,0
ARI,Jan Jeník,jenikja01,5,0,1,1,2,6,7,5,41.88,8.38,0.00%,0,0,0,0,1,0,0
CBJ,Boone Jenner,jennebo01,58,22,13,35,155,119,74,28,1165.57,20.1,14.19%,16,5,1,1,10,3,0
WSH,Nick Jensen,jenseni02,78,1,13,14,71,62,123,10,1531.1,19.63,1.41%,1,0,0,0,13,0,0
CBJ,David Jiříček,jiricda01,43,1,9,10,38,23,45,22,627.7,14.6,2.63%,1,0,0,1,9,0,0
WSH,Lucas Johansen,johanlu01,6,0,1,1,4,1,7,4,85.6,14.27,0.00%,0,0,0,0,1,0,0
MIN,Marcus Johansson,johanma03,78,11,19,30,112,44,29,22,1239.25,15.89,9.82%,10,1,0,0,14,5,0
COL,Ryan Johansen,johanry01,63,13,10,23,78,60,15,34,859.5,13.64,16.67%,9,4,0,4,7,2,1
BUF,Erik Johnson,johnser01,50,3,0,3,40,93,68,24,690.4,13.81,7.50%,3,0,0,1,0,0,0
PHI,Erik Johnson,johnser01,17,2,1,3,20,50,29,2,279.32,16.43,10.00%,2,0,0,0,1,0,0
COL,Jack Johnson,johnsja02,80,3,13,16,76,78,89,38,1194.18,14.93,3.95%,3,0,0,0,13,0,0
CBJ,Kent Johnson,johnske01,42,6,10,16,62,10,16,10,568.75,13.54,9.68%,6,0,0,1,10,0,0
PIT,Marc Johnstone,johnsma04,1,0,0,0,0,2,0,0,7.32,7.32,--,0,0,0,0,0,0,0
CHI,Reese Johnson,johnsre01,42,2,3,5,51,109,16,40,459.18,10.93,3.92%,2,0,0,0,3,0,0
ANA,Ross Johnston,johnsro02,68,1,3,4,44,139,27,117,557.4,8.2,2.27%,1,0,0,0,3,0,0
BUF,Ryan Johnson,johnsry03,41,0,7,7,35,8,39,12,568.55,13.87,0.00%,0,0,0,0,7,0,0
CHI,Tyler Johnson,johnsty01,67,17,14,31,112,48,31,26,1041.08,15.54,15.18%,9,8,0,1,6,8,0
DAL,Wyatt Johnston,johnswy01,82,32,33,65,216,52,42,38,1394.2,17,14.81%,26,3,3,3,26,7,0
BUF,Henri Jokiharju,jokihhe01,74,3,17,20,84,92,106,24,1404.52,18.98,3.57%,3,0,0,1,16,0,1
COL,Caleb Jones,jonesca01,25,0,5,5,19,34,26,8,305.2,12.21,0.00%,0,0,0,0,5,0,0
ANA,Max Jones,jonesma03,52,5,10,15,76,127,14,33,627.02,12.06,6.58%,5,0,0,0,9,1,0
CHI,Seth Jones,jonesse01,67,8,23,31,172,77,131,34,1707.45,25.48,4.65%,5,3,0,4,17,6,0
NYR,Zachary Jones,jonesza01,31,2,7,9,42,22,23,8,453.48,14.63,4.76%,2,0,0,1,7,0,0
WPG,Axel Jonsson-Fjällby,jonssax01,26,2,3,5,23,30,7,0,210.93,8.11,8.70%,2,0,0,1,3,0,0
OTT,Mathieu Joseph,josepma01,72,11,24,35,124,105,49,51,1185.98,16.47,8.87%,10,0,1,3,23,0,1
PIT,Pierre-Olivier Joseph,joseppi01,51,2,9,11,42,47,44,12,771.07,15.12,4.76%,2,0,0,1,9,0,0
CAR,Pierre-Olivier Joseph,joseppi01,1,0,0,0,0,0,0,2,13.33,13.33,--,0,0,0,0,0,0,0
VAN,Dakota Joshua,joshuda01,63,18,14,32,84,245,40,60,906.27,14.39,21.43%,17,1,0,5,14,0,0
NSH,Roman Josi,josiro01,82,23,62,85,268,46,151,45,2019.75,24.63,8.58%,14,9,0,5,37,24,1
BUF,Tyson Jost,jostty01,43,3,3,6,48,44,20,10,455.63,10.6,6.25%,3,0,0,0,3,0,0
VAN,Noah Juulsen,juulsno01,54,1,6,7,30,164,85,22,804.3,14.89,3.33%,1,0,0,0,6,0,0
CGY,Nazem Kadri,kadrina01,82,29,46,75,277,57,24,43,1510.92,18.43,10.47%,19,10,0,4,34,12,0
CHI,Wyatt Kaiser,kaisewy01,32,0,7,7,18,22,46,22,554,17.31,0.00%,0,0,0,0,7,0,0
NYR,Kaapo Kakko,kakkoka01,61,13,6,19,91,26,18,24,810.03,13.28,14.29%,12,1,0,2,6,0,0
LAK,Arthur Kaliyev,kaliyar01,51,7,8,15,101,33,14,14,601.92,11.8,6.93%,4,3,0,0,7,1,0
TOR,David Kämpf,kampfda01,78,8,11,19,79,84,29,18,1051.98,13.49,10.13%,8,0,0,1,11,0,0
EDM,Evander Kane,kaneev01,77,24,20,44,220,250,29,85,1291.82,16.78,10.91%,21,2,1,3,15,5,0
DET,Patrick Kane,kanepa01,50,20,27,47,147,14,13,16,918.82,18.38,13.61%,18,2,0,7,14,13,0
STL,Kasperi Kapanen,kapanka01,73,6,16,22,99,64,27,14,1050.05,14.38,6.06%,5,0,1,1,15,0,1
MIN,Kirill Kaprizov,kapriki01,75,46,50,96,277,55,38,36,1618.27,21.58,16.61%,27,19,0,8,28,22,0
PIT,Erik Karlsson,karlser01,82,11,45,56,213,40,99,44,1990.02,24.27,5.16%,9,2,0,4,30,15,0
VAN,Linus Karlsson,karlsli01,4,0,0,0,4,3,2,0,40.58,10.15,0.00%,0,0,0,0,0,0,0
VEG,William Karlsson,karlswi01,70,30,30,60,175,43,46,22,1232.12,17.6,17.14%,22,7,1,2,21,8,1
SEA,Tye Kartye,kartyty01,77,11,9,20,109,229,27,37,911.37,11.84,10.09%,11,0,0,1,9,0,0
OTT,Mark Kastelic,kastema01,62,5,5,10,60,124,29,56,478.77,7.72,8.33%,5,0,0,0,5,0,0
NSH,Mark Kastelic,kastema01,1,0,0,0,0,2,2,7,7.87,7.87,--,0,0,0,0,0,0,0
CHI,Boris Katchouk,katchbo01,38,5,4,9,52,51,13,12,473.27,12.45,9.62%,4,0,1,0,4,0,0
OTT,Boris Katchouk,katchbo01,21,2,2,4,18,31,1,0,203.98,9.71,11.11%,2,0,0,0,2,0,0
ARI,Miloš Kelemen,kelemmi01,10,0,1,1,5,20,3,0,76.82,7.68,0.00%,0,0,0,0,1,0,0
ARI,Clayton Keller,kellecl01,78,33,43,76,228,20,30,32,1501.17,19.25,14.47%,24,9,0,4,22,21,0
OTT,Parker Kelly,kellypa01,79,8,10,18,86,170,66,30,924.43,11.7,9.30%,6,0,2,0,9,0,1
NSH,Parker Kelly,kellypa01,1,0,0,0,0,1,1,0,12.1,12.1,--,0,0,0,0,0,0,0
LAK,Adrian Kempe,kempead01,77,28,47,75,246,112,32,72,1457.92,18.93,11.38%,20,5,3,4,24,22,1
EDM,Philip Kemp,kempph01,1,0,0,0,0,0,0,0,2.05,2.05,--,0,0,0,0,0,0,0
ARI,Alexander Kerfoot,kerfoal01,82,13,32,45,103,73,76,26,1429.6,17.43,12.62%,9,2,2,3,21,10,1
STL,Matthew Kessel,kessema01,39,1,6,7,28,40,65,12,654.98,16.79,3.57%,1,0,0,0,6,0,0
ARI,Michael Kesselring,kessemi01,64,5,16,21,76,106,59,66,1008.55,15.76,6.58%,5,0,0,2,16,0,0
FLA,Michael Kesselring,kessemi01,1,0,0,0,0,0,0,0,17.98,17.98,--,0,0,0,0,0,0,0
MIN,Jujhar Khaira,khairju01,1,0,0,0,1,1,1,0,8.08,8.08,0.00%,0,0,0,0,0,0,0
MIN,Marat Khusnutdinov,khusnma01,16,1,3,4,6,16,9,6,209.77,13.11,16.67%,0,1,0,0,3,0,0
ANA,Alex Killorn,killoal01,63,18,18,36,145,72,25,54,1180.12,18.73,12.41%,13,5,0,5,16,2,0
ARI,Justin Kirkland,kirklju01,2,0,0,0,1,5,1,0,14.45,7.23,0.00%,0,0,0,0,0,0,0
COL,Joel Kiviranta,kivirjo01,56,3,6,9,48,78,31,12,551,9.84,6.25%,3,0,0,0,6,0,0
CGY,Adam Klapka,klapkad01,6,1,0,1,4,21,3,19,40.57,6.76,25.00%,1,0,0,0,0,0,0
OTT,Tyler Kleven,klevety01,9,0,1,1,7,8,9,2,113.85,12.65,0.00%,0,0,0,0,1,0,0
TOR,John Klingberg,klingjo01,14,0,5,5,14,13,15,8,287.72,20.55,0.00%,0,0,0,0,3,2,0
TOR,Matthew Knies,kniesma01,80,15,20,35,115,169,30,45,1094.2,13.68,13.04%,15,0,0,3,18,2,0
SJS,Nikolai Knyzhov,knyzhni01,10,0,1,1,6,13,17,6,176.42,17.64,0.00%,0,0,0,0,1,0,0
ARI,Patrik Koch,kochpa01,1,0,0,0,1,4,1,10,9.33,9.33,0.00%,0,0,0,0,0,0,0
TBL,Cole Koepke,koepkco01,7,0,1,1,9,18,1,0,46.68,6.67,0.00%,0,0,0,0,1,0,0
CAR,Cole Koepke,koepkco01,1,0,1,1,0,2,0,0,6.63,6.63,--,0,0,0,0,1,0,0
ARI,Cole Koepke,koepkco01,1,0,0,0,0,3,0,0,7,7,--,0,0,0,0,0,0,0
VEG,Keegan Kolesar,koleske01,79,8,10,18,73,277,41,49,858.2,10.86,10.96%,7,0,1,2,9,0,1
ARI,Vladislav Kolyachonok,kolyavl01,5,1,3,4,5,4,6,2,62.37,12.47,20.00%,1,0,0,0,3,0,0
PHI,Travis Konecny,konectr01,76,33,35,68,244,90,32,67,1507.87,19.84,13.52%,23,4,6,5,29,5,1
LAK,Anže Kopitar,kopitan01,81,26,44,70,133,37,65,22,1592.32,19.66,19.55%,16,9,1,6,28,14,2
PIT,Joona Koppanen,koppajo01,4,0,0,0,4,3,2,0,31.23,7.81,0.00%,0,0,0,0,0,0,0
CHI,Kevin Korchinski,korchke01,76,5,10,15,93,26,82,20,1490.85,19.62,5.38%,5,0,0,2,3,7,0
VEG,Kaedan Korczak,korczka01,26,1,8,9,32,43,31,8,429.13,16.51,3.13%,1,0,0,0,7,1,0
DET,Klim Kostin,kostikl01,33,3,1,4,22,60,5,38,287.4,8.71,13.64%,3,0,0,0,1,0,0
SJS,Klim Kostin,kostikl01,19,5,5,10,21,48,11,15,279.88,14.73,23.81%,5,0,0,0,4,1,0
CAR,Jesperi Kotkaniemi,kotkaje01,79,12,15,27,128,56,33,36,1025.35,12.98,9.38%,11,1,0,0,13,1,1
MTL,Johnathan Kovacevic,kovacjo01,62,6,7,13,46,75,83,42,1024.13,16.52,13.04%,6,0,0,0,7,0,0
BUF,Peyton Krebs,krebspe01,80,4,13,17,74,108,23,67,1000.45,12.51,5.41%,4,0,0,2,13,0,0
NYR,Chris Kreider,kreidch01,82,39,36,75,246,99,20,26,1540.25,18.78,15.85%,19,18,2,7,22,11,3
STL,Torey Krug,krugto01,77,4,35,39,162,64,111,32,1691.02,21.96,2.47%,4,0,0,2,22,13,0
OTT,Dominik Kubalík,kubaldo01,73,11,4,15,91,55,20,19,887.92,12.16,12.09%,7,4,0,2,4,0,0
NSH,Dominik Kubalík,kubaldo01,1,0,0,0,0,0,0,0,9.1,9.1,--,0,0,0,0,0,0,0
TBL,Nikita Kucherov,kucheni01,81,44,100,144,306,45,35,22,1755.17,21.67,14.38%,31,13,0,6,60,40,0
EDM,Brett Kulak,kulakbr01,82,3,13,16,94,77,88,30,1261.52,15.38,3.19%,3,0,0,1,12,1,0
BUF,Jiri Kulich,kulicji01,1,0,0,0,1,1,0,0,14.88,14.88,0.00%,0,0,0,0,0,0,0
FLA,Dmitry Kulikov,kulikdm01,76,1,19,20,74,145,84,63,1255.05,16.51,1.35%,1,0,0,0,17,0,2
SJS,Luke Kunin,kuninlu01,77,11,7,18,98,165,60,83,1212.03,15.74,11.22%,9,2,0,1,4,3,0
WPG,Rasmus Kupari,kuparra01,28,0,1,1,28,24,10,4,255.95,9.14,0.00%,0,0,0,0,1,0,0
CBJ,Sean Kuraly,kuralse01,62,9,9,18,92,156,34,40,851.58,13.74,9.78%,9,0,0,0,8,0,1
CHI,Philipp Kurashev,kurasph01,75,18,36,54,128,27,48,23,1426.38,19.02,14.06%,12,6,0,3,23,13,0
VAN,Andrei Kuzmenko,kuzmean01,43,8,13,21,63,9,10,6,617.12,14.35,12.70%,5,3,0,2,9,4,0
CGY,Andrei Kuzmenko,kuzmean01,29,14,11,25,58,5,7,6,454.55,15.67,24.14%,9,5,0,2,4,7,0
WSH,Evgeny Kuznetsov,kuzneev01,43,6,11,17,69,10,12,24,807.77,18.79,8.70%,6,0,0,1,7,4,0
CAR,Evgeny Kuznetsov,kuzneev01,20,2,5,7,27,18,6,6,298.02,14.9,7.41%,1,1,0,0,3,2,0
CGY,Yan Kuznetsov,kuzneya01,1,0,0,0,2,0,1,0,11.97,11.97,0.00%,0,0,0,0,0,0,0
CGY,Oliver Kylington,kylinol01,33,3,5,8,42,24,51,12,569.18,17.25,7.14%,3,0,0,0,5,0,0
STL,Jordan Kyrou,kyroujo01,82,31,36,67,251,26,32,22,1503.2,18.33,12.35%,23,8,0,4,23,13,0
SJS,Kevin Labanc,labanke01,46,2,7,9,60,61,17,16,534.62,11.62,3.33%,2,0,0,0,4,3,0
NJD,Samuel Laberge,labersa01,2,0,0,0,0,3,0,0,6.18,3.09,--,0,0,0,0,0,0,0
ANA,Jackson LaCombe,lacomja01,71,2,15,17,55,50,129,24,1375.78,19.38,3.64%,2,0,0,1,12,2,1
LAK,Alex Laferriere,laferal01,81,12,11,23,147,113,27,46,1070.83,13.22,8.16%,12,0,0,2,8,3,0
VAN,Sam Lafferty,laffesa01,79,13,11,24,78,191,32,32,938.47,11.88,16.67%,12,0,1,3,11,0,0
NYR,Alexis Lafrenière,lafreal01,82,28,29,57,217,73,21,40,1415.9,17.27,12.90%,26,2,0,5,25,4,0
TOR,William Lagesson,lageswi01,30,0,4,4,12,56,39,19,435.43,14.51,0.00%,0,0,0,0,4,0,0
ANA,William Lagesson,lageswi01,10,0,0,0,7,20,19,13,156.47,15.65,0.00%,0,0,0,0,0,0,0
CBJ,Patrik Laine,lainepa01,18,6,3,9,41,5,14,6,273.93,15.22,14.63%,5,1,0,0,2,1,0
TOR,Maxime Lajoie,lajoima01,7,0,1,1,1,12,7,0,89.02,12.72,0.00%,0,0,0,0,0,1,0
WPG,Brad Lambert,lambebr01,1,0,1,1,2,0,1,0,13.85,13.85,0.00%,0,0,0,0,1,0,0
WSH,Hendrix Lapierre,lapiehe01,51,8,14,22,51,26,31,4,583.3,11.44,15.69%,8,0,0,1,12,2,0
DET,Dylan Larkin,larkidy01,68,33,36,69,221,44,34,39,1371.73,20.17,14.93%,17,14,2,5,24,12,0
SEA,Adam Larsson,larssad01,81,4,14,18,130,162,151,55,1858.55,22.95,3.08%,4,0,0,1,13,0,1
PHI,Scott Laughton,laughsc01,82,13,26,39,167,155,56,69,1283.73,15.66,7.78%,10,1,2,2,16,4,6
BOS,Jakub Lauko,laukoja01,60,2,8,10,43,176,24,32,589.25,9.82,4.65%,2,0,0,0,8,0,0
NSH,Jeremy Lauzon,lauzoje01,79,6,8,14,103,386,111,98,1470.47,18.61,5.83%,6,0,0,0,8,0,0
EDM,Raphael Lavoie,lavoira01,7,0,0,0,4,13,1,2,51,7.29,0.00%,0,0,0,0,0,0,0
NJD,Curtis Lazar,lazarcu01,70,7,15,22,74,175,64,44,870.35,12.43,9.46%,6,0,1,2,15,0,0
TOR,Curtis Lazar,lazarcu01,1,0,3,3,0,4,0,0,9.32,9.32,--,0,0,0,0,3,0,0
ANA,Brett Leason,leasobr01,68,11,11,22,91,80,65,14,884.6,13.01,12.09%,9,0,2,0,11,0,0
STL,Nick Leddy,leddyni01,82,3,25,28,82,51,127,14,1833.65,22.36,3.66%,2,0,1,0,23,1,1
NYI,Anders Lee,leean01,81,20,17,37,185,176,54,68,1260.93,15.57,10.81%,15,5,0,2,17,0,0
COL,Artturi Lehkonen,lehkoar01,45,16,18,34,103,49,18,14,831.22,18.47,15.53%,9,7,0,2,13,5,0
CAR,Brendan Lemieux,lemiebr01,32,3,2,5,29,71,6,64,256.22,8.01,10.34%,3,0,0,1,2,0,0
ARI,John Leonard,leonajo01,6,1,0,1,5,1,5,0,41.2,6.87,20.00%,1,0,0,0,0,0,0
NYR,Jake Leschyshyn,leschja01,1,0,0,0,0,0,1,0,6.47,6.47,--,0,0,0,0,0,0,0
PIT,Kris Letang,letankr01,82,10,41,51,164,137,136,62,2024.45,24.69,6.10%,10,0,0,2,35,5,1
MIN,Vinni Lettieri,lettivi01,46,5,4,9,47,53,27,24,440.95,9.59,10.64%,5,0,0,1,4,0,0
LAK,Trevor Lewis,lewistr01,82,8,8,16,130,90,62,20,954.13,11.64,6.15%,7,0,1,2,6,1,1
TOR,Timothy Liljegren,liljeti01,55,3,20,23,62,92,116,16,1081.48,19.66,4.84%,3,0,0,1,12,7,1
SJS,Oskar Lindblom,lindbos01,1,0,0,0,0,1,1,0,11.93,11.93,--,0,0,0,0,0,0,0
DAL,Esa Lindell,lindees01,82,5,21,26,114,74,162,12,1678.68,20.47,4.39%,5,0,0,0,20,0,1
NYR,Ryan Lindgren,lindgry01,76,3,14,17,73,114,103,36,1470.62,19.35,4.11%,3,0,0,1,14,0,0
CGY,Elias Lindholm,lindhel01,49,9,23,32,131,56,40,21,1016.68,20.75,6.87%,5,3,1,3,16,6,1
VAN,Elias Lindholm,lindhel01,26,6,6,12,42,33,21,4,460.33,17.71,14.29%,3,3,0,1,5,0,1
BOS,Hampus Lindholm,lindhha01,73,3,23,26,99,49,100,63,1699.95,23.29,3.03%,2,1,0,0,19,4,0
SEA,Kole Lind,lindko01,1,0,0,0,0,2,0,0,5.98,5.98,--,0,0,0,0,0,0,0
MTL,Gustav Lindström,lindsgu01,14,3,1,4,15,9,23,6,213.93,15.28,20.00%,3,0,0,0,1,0,0
ANA,Gustav Lindström,lindsgu01,32,0,6,6,14,54,40,18,494.47,15.45,0.00%,0,0,0,0,6,0,0
LAK,Blake Lizotte,lizotbl01,62,7,8,15,76,64,28,20,732.9,11.82,9.21%,5,0,2,2,7,0,1
FLA,William Lockwood,lockwwi01,26,0,1,1,19,54,8,16,213.17,8.2,0.00%,0,0,0,0,1,0,0
BOS,Mason Lohrei,lohrema01,41,4,9,13,43,32,63,18,695.27,16.96,9.30%,3,1,0,1,7,2,0
FLA,Ryan Lomberg,lombery01,75,5,2,7,68,179,21,80,715.52,9.54,7.35%,4,1,0,2,2,0,0
FLA,Steven Lorentz,lorenst01,38,1,2,3,30,70,14,10,333.9,8.79,3.33%,1,0,0,1,2,0,0
WPG,Adam Lowry,lowryad01,81,12,23,35,119,181,65,57,1304.43,16.1,10.08%,11,0,1,1,20,2,1
MIN,Jake Lucchini,lucchja01,40,2,3,5,22,22,14,23,383.92,9.6,9.09%,2,0,0,0,3,0,0
BOS,Milan Lucic,lucicmi01,4,0,2,2,1,12,2,2,47.88,11.97,0.00%,0,0,0,0,2,0,0
PIT,John Ludvig,ludvijo01,33,3,2,5,24,72,33,47,389.6,11.81,12.50%,3,0,0,1,2,0,0
FLA,Anton Lundell,lundean01,78,13,22,35,166,61,40,46,1199.35,15.38,7.83%,12,1,0,2,17,4,1
ANA,Isac Lundeström,lundeis01,46,5,6,11,38,51,27,2,659.68,14.34,13.16%,4,0,1,0,5,1,0
DAL,Nils Lundkvist,lundkni01,59,2,17,19,73,44,38,16,832.27,14.11,2.74%,2,0,0,0,15,2,0
ANA,Tristan Luneau,luneatr01,7,1,2,3,11,9,4,4,125.1,17.87,9.09%,1,0,0,0,2,0,0
FLA,Eetu Luostarinen,luostee01,82,12,15,27,119,129,56,26,1306.8,15.94,10.08%,10,2,0,2,14,0,1
PHI,Olle Lycksell,lycksol01,18,1,4,5,29,4,4,6,179.03,9.95,3.45%,1,0,0,0,4,0,0
ANA,Ilya Lyubushkin,lyubuil01,55,0,4,4,38,112,138,51,943.18,17.15,0.00%,0,0,0,0,4,0,0
TOR,Ilya Lyubushkin,lyubuil01,19,0,4,4,9,64,30,6,324.05,17.06,0.00%,0,0,0,0,4,0,0
DET,Olli Määttä,maattol01,72,4,14,18,48,53,96,14,1155.88,16.05,8.33%,4,0,0,0,14,0,0
ARI,Matias Maccelli,maccema01,82,17,40,57,149,25,20,8,1331.18,16.23,11.41%,15,2,0,2,29,10,1
COL,Kurtis MacDermid,macdeku01,29,2,0,2,12,54,9,23,147.63,5.09,16.67%,2,0,0,1,0,0,0
NJD,Kurtis MacDermid,macdeku01,16,0,1,1,4,29,2,50,69.85,4.37,0.00%,0,0,0,0,1,0,0
SJS,Jacob MacDonald,macdoja02,34,7,2,9,49,40,17,23,408.73,12.02,14.29%,4,3,0,0,1,1,0
STL,Mackenzie MacEachern,maceama01,8,0,1,1,4,10,2,0,62.95,7.87,0.00%,0,0,0,0,1,0,0
OTT,Zack MacEwen,macewza01,30,2,1,3,17,55,7,57,191.98,6.4,11.76%,2,0,0,1,1,0,0
NYR,Connor Mackey,mackeco01,1,0,0,0,1,1,3,5,16.45,16.45,0.00%,0,0,0,0,0,0,0
COL,Nathan MacKinnon,mackina01,82,51,89,140,405,55,69,42,1870.77,22.81,12.59%,41,10,0,9,51,38,0
NYI,Kyle MacLean,macleky01,32,4,5,9,26,60,6,11,322.77,10.09,15.38%,4,0,0,0,5,0,0
FLA,Josh Mahura,mahurjo01,30,0,9,9,25,40,27,20,377.77,12.59,0.00%,0,0,0,0,8,0,1
MTL,Logan Mailloux,mailllo01,1,0,1,1,2,1,1,0,21.23,21.23,0.00%,0,0,0,0,1,0,0
COL,Cale Makar,makarca01,77,21,69,90,231,37,148,16,1907.27,24.77,9.09%,13,7,1,1,34,32,3
CBJ,James Malatesta,malatja01,11,2,2,4,12,41,2,5,112.38,10.22,16.67%,2,0,0,0,2,0,0
WSH,Beck Malenstyn,malenbe01,81,6,15,21,98,241,93,25,1153.73,14.24,6.12%,6,0,0,1,14,0,1
COL,Sam Malinski,malinsa01,23,3,7,10,31,14,22,6,327.18,14.23,9.68%,2,1,0,1,6,1,0
PIT,Evgeni Malkin,malkiev01,82,27,40,67,199,29,42,70,1523.93,18.58,13.57%,21,6,0,2,28,12,0
CGY,Andrew Mangiapane,mangian01,75,14,26,40,122,89,33,47,1199.65,16,11.48%,11,2,1,0,25,1,0
COL,Josh Manson,mansojo01,76,8,17,25,123,211,109,87,1351.5,17.78,6.50%,7,0,1,0,16,0,1
WSH,Anthony Mantha,manthan01,56,20,14,34,90,31,21,17,792.6,14.15,22.22%,17,3,0,0,10,4,0
VEG,Anthony Mantha,manthan01,18,3,7,10,23,24,10,8,259.98,14.44,13.04%,3,0,0,0,6,1,0
BOS,Brad Marchand,marchbr03,82,29,38,67,207,115,35,78,1566.35,19.1,14.01%,19,7,3,6,18,19,1
CBJ,Kirill Marchenko,marchki01,78,23,19,42,193,55,39,14,1280.28,16.41,11.92%,14,9,0,1,15,4,0
DAL,Mason Marchment,marchma01,81,22,31,53,150,108,34,54,1219.8,15.06,14.67%,16,6,0,3,26,5,0
NJD,John Marino,marinjo01,74,4,21,25,57,37,87,39,1551.57,20.97,7.02%,4,0,0,1,21,0,0
TOR,John Marino,marinjo01,1,0,0,0,0,2,2,2,20.28,20.28,--,0,0,0,0,0,0,0
TOR,Mitch Marner,marnemi01,69,26,59,85,158,59,51,18,1468.08,21.28,16.46%,17,8,1,2,40,19,0
MIN,Pat Maroon,maroopa01,49,4,12,16,54,71,16,60,625.7,12.77,7.41%,4,0,0,0,11,1,0
BOS,Pat Maroon,maroopa01,2,0,0,0,2,11,0,0,29.23,14.62,0.00%,0,0,0,0,0,0,0
VEG,Alec Martinez,martial01,55,4,13,17,72,29,165,6,1047.43,19.04,5.56%,4,0,0,0,10,3,0
TBL,Emil Martinsen Lilleberg,martiem01,37,0,5,5,31,105,48,16,599.57,16.2,0.00%,0,0,0,0,5,0,0
CAR,Jordan Martinook,martijo01,82,14,18,32,148,61,36,36,1201.05,14.65,9.46%,13,0,1,1,18,0,0
NYI,Matt Martin,martima02,57,4,4,8,48,151,29,43,530.82,9.31,8.33%,4,0,0,0,4,0,0
MTL,Mike Matheson,mathemi01,82,11,51,62,187,61,186,58,2095.33,25.55,5.88%,4,5,2,0,28,23,0
OTT,Nikolas Matinpalo,matinni01,4,0,0,0,2,4,2,0,28.02,7,0.00%,0,0,0,0,0,0,0
TOR,Auston Matthews,matthau01,81,69,38,107,369,90,93,20,1698.28,20.97,18.70%,51,18,0,8,26,11,1
NYI,Scott Mayfield,mayfisc01,41,0,5,5,36,70,106,35,769.35,18.76,0.00%,0,0,0,0,5,0,0
BOS,Charlie McAvoy,mcavoch01,74,12,35,47,133,159,159,86,1838.6,24.85,9.02%,11,1,0,3,23,12,0
ARI,Jack McBain,mcbaija03,67,8,18,26,56,204,42,50,845.83,12.62,14.29%,8,0,0,2,18,0,0
TOR,Jake McCabe,mccabja01,73,8,20,28,73,219,129,56,1507.93,20.66,10.96%,7,1,0,3,18,1,1
SEA,Jared McCann,mccanja01,80,29,33,62,216,45,27,31,1340.88,16.76,13.43%,18,9,2,3,19,14,0
NSH,Michael McCarron,mccarmi01,70,12,10,22,94,142,55,100,893.68,12.77,12.77%,12,0,0,3,10,0,0
SEA,Max McCormick,mccorma01,1,0,0,0,0,0,0,0,5.63,5.63,--,0,0,0,0,0,0,0
EDM,Connor McDavid,mcdavco01,76,32,100,132,263,118,39,30,1623.3,21.36,12.17%,24,7,1,5,63,37,0
NSH,Ryan McDonagh,mcdonry01,74,3,29,32,91,38,139,31,1612.32,21.79,3.30%,3,0,0,1,25,4,0
ANA,Brock McGinn,mcginbr01,24,1,2,3,24,37,11,4,265.88,11.08,4.17%,1,0,0,0,2,0,0
STL,Hugh McGing,mcginhu01,5,0,0,0,4,7,3,0,41.9,8.38,0.00%,0,0,0,0,0,0,0
WSH,Dylan McIlrath,mcilrdy01,3,0,1,1,1,9,1,5,30.9,10.3,0.00%,0,0,0,0,1,0,0
BOS,Marc McLaughlin,mclauma01,1,1,0,1,2,4,1,0,12.65,12.65,50.00%,1,0,0,0,0,0,0
NJD,Michael McLeod,mcleomi01,45,10,9,19,73,101,22,10,681.48,15.14,13.70%,10,0,0,2,9,0,0
EDM,Ryan McLeod,mcleory01,81,12,18,30,106,65,34,10,1153.68,14.24,11.32%,12,0,0,3,15,1,2
TOR,Bobby McMann,mcmanbo02,56,15,9,24,118,117,18,52,647.32,11.56,12.71%,14,1,0,0,9,0,0
WSH,Connor McMichael,mcmicco01,80,18,15,33,135,45,39,34,1278.93,15.99,13.33%,15,2,1,3,10,4,1
VEG,Brayden McNabb,mcnabbr01,82,4,22,26,86,149,207,37,1587.03,19.35,4.65%,4,0,0,0,20,1,1
ANA,Mason McTavish,mctavma01,64,19,23,42,130,67,33,86,1041.65,16.28,14.62%,14,4,1,3,18,4,1
VAN,Cole McWard,mcwarco01,1,0,0,0,1,0,0,0,9.08,9.08,0.00%,0,0,0,0,0,0,0
BOS,Jayson Megna,megnaja01,1,0,0,0,0,0,0,0,11.75,11.75,--,0,0,0,0,0,0,0
CHI,Jaycob Megna,megnaja02,44,0,2,2,28,60,87,22,771.02,17.52,0.00%,0,0,0,0,2,0,0
NJD,Timo Meier,meierti01,69,28,24,52,207,111,42,45,1214.5,17.6,13.53%,18,10,0,4,17,7,0
NJD,Dawson Mercer,merceda01,82,20,13,33,134,30,43,29,1411.83,17.22,14.93%,16,4,0,2,12,1,0
TBL,Waltteri Merela,merelwa01,19,1,0,1,17,32,6,4,186.5,9.82,5.88%,1,0,0,0,0,0,0
BOS,Georgii Merkulov,merkuge01,4,0,0,0,3,2,4,0,42.32,10.58,0.00%,0,0,0,0,0,0,0
MIN,Dakota Mermis,mermida01,47,3,5,8,42,45,59,33,662.1,14.09,7.14%,3,0,0,0,5,0,0
MIN,Jonathon Merrill,merrijo01,65,4,7,11,42,37,57,30,830.73,12.78,9.52%,4,0,0,0,7,0,0
PHI,Victor Mete,metevi01,1,0,0,0,0,0,1,0,10.87,10.87,--,0,0,0,0,0,0,0
COL,Ben Meyers,meyerbe01,9,1,0,1,7,12,0,0,86.05,9.56,14.29%,1,0,0,0,0,0,0
ANA,Ben Meyers,meyerbe01,14,0,2,2,5,22,3,6,146.47,10.46,0.00%,0,0,0,0,2,0,0
CBJ,Carson Meyer,meyerca01,14,1,1,2,10,37,2,2,127.7,9.12,10.00%,1,0,0,0,1,0,0
MIN,Jacob Middleton,middlja01,80,7,18,25,85,148,161,77,1584.67,19.81,8.24%,7,0,0,1,17,0,1
VAN,Ilya Mikheyev,mikheil01,78,11,20,31,147,49,20,4,1112.6,14.26,7.48%,11,0,0,1,20,0,0
FLA,Niko Mikkola,mikkoni01,82,3,14,17,93,198,124,69,1643.02,20.04,3.23%,3,0,0,0,13,0,1
WSH,Sonny Milano,milanso01,49,15,8,23,50,20,16,10,612.9,12.51,30.00%,12,3,0,2,7,1,0
NJD,Colin Miller,milleco02,41,4,4,8,65,79,33,24,652.65,15.92,6.15%,4,0,0,0,4,0,0
WPG,Colin Miller,milleco02,5,0,1,1,4,12,4,2,69.78,13.96,0.00%,0,0,0,0,0,1,0
VAN,J.T. Miller,millejt01,81,37,66,103,194,217,61,58,1578.68,19.49,19.07%,25,10,2,9,36,30,0
NYR,K'Andre Miller,milleka01,80,8,22,30,96,148,117,49,1724.98,21.56,8.33%,8,0,0,3,20,1,1
TOR,Fraser Minten,mintefr01,4,0,0,0,3,4,1,2,45.73,11.43,0.00%,0,0,0,0,0,0,0
ANA,Pavel Mintyukov,mintypa01,63,4,24,28,88,85,65,24,1187.22,18.84,4.55%,4,0,0,0,16,7,1
VEG,Daniil Miromanov,miromda01,4,0,0,0,6,2,5,0,72.2,18.05,0.00%,0,0,0,0,0,0,0
CGY,Daniil Miromanov,miromda01,20,3,4,7,40,5,29,8,425.13,21.26,7.50%,3,0,0,0,2,2,0
WSH,Ivan Miroshnichenko,mirosiv01,21,2,4,6,30,50,5,6,254.95,12.14,6.67%,2,0,0,0,3,1,0
BOS,Ian Mitchell,mitchia01,13,0,2,2,11,3,13,10,199,15.31,0.00%,0,0,0,0,2,0,0
BUF,Casey Mittelstadt,mitteca01,62,14,33,47,102,14,23,28,1132.75,18.27,13.73%,12,2,0,1,27,6,0
COL,Casey Mittelstadt,mitteca01,18,4,6,10,25,11,8,4,285.62,15.87,16.00%,3,1,0,0,6,0,0
MTL,Sean Monahan,monahse01,49,13,22,35,104,17,24,10,904.28,18.45,12.50%,5,6,2,3,12,10,0
WPG,Sean Monahan,monahse01,34,13,11,24,67,12,20,2,597.53,17.57,19.40%,10,3,0,2,9,2,0
FLA,Brandon Montour,montobr01,66,8,25,33,168,104,67,46,1547.52,23.45,4.76%,7,1,0,3,9,16,0
LAK,Trevor Moore,mooretr01,82,31,26,57,244,92,58,28,1474.35,17.98,12.70%,27,2,2,5,21,5,0
VEG,Mason Morelli,morelma01,9,3,1,4,9,21,6,0,96.78,10.75,33.33%,2,1,0,0,1,0,0
WPG,Josh Morrissey,morrijo04,81,10,59,69,196,90,103,44,1958.77,24.18,5.10%,8,2,0,1,42,17,0
SEA,Logan Morrison,morrilo01,4,0,0,0,6,2,8,0,52.53,13.13,0.00%,0,0,0,0,0,0,0
CAR,Scott Morrow,morrosc02,2,0,0,0,6,1,2,0,36.77,18.38,0.00%,0,0,0,0,0,0,0
ARI,J.J. Moser,moserja01,79,5,21,26,75,98,110,33,1626.18,20.58,6.67%,5,0,0,0,16,3,2
FLA,J.J. Moser,moserja01,1,0,0,0,2,1,2,2,19.53,19.53,0.00%,0,0,0,0,0,0,0
TBL,Tyler Motte,mottety01,67,6,3,9,82,91,40,26,833.05,12.43,7.32%,4,0,2,2,3,0,0
CAR,Tyler Motte,mottety01,1,0,0,0,1,3,1,2,15.37,15.37,0.00%,0,0,0,0,0,0,0
ARI,Tyler Motte,mottety01,1,0,0,0,0,3,0,0,10.15,10.15,--,0,0,0,0,0,0,0
LAK,Jacob Moverare,moverja01,24,1,0,1,11,12,23,6,250.72,10.45,9.09%,1,0,0,0,0,0,0
SJS,Shakir Mukhamadullin,mukhash01,3,0,1,1,5,5,11,4,63.47,21.16,0.00%,0,0,0,0,0,1,0
CHI,Connor Murphy,murphco02,46,2,6,8,51,116,113,40,912.27,19.83,3.92%,2,0,0,0,6,0,0
BUF,Brett Murray,murrabr02,2,0,0,0,1,5,0,2,15.93,7.97,0.00%,0,0,0,0,0,0,0
TBL,Philippe Myers,myersph01,5,0,0,0,6,8,6,2,58.47,11.69,0.00%,0,0,0,0,0,0,0
VAN,Tyler Myers,myersty01,77,5,24,29,93,110,136,77,1459.07,18.95,5.38%,3,0,2,0,24,0,0
CAR,Bradly Nadeau,nadeabr01,1,0,0,0,3,0,1,0,19.13,19.13,0.00%,0,0,0,0,0,0,0
WPG,Vladislav Namestnikov,namesvl01,78,11,26,37,95,92,45,37,1128.27,14.46,11.58%,7,3,1,0,24,2,0
NYR,Riley Nash,nashri02,1,0,0,0,1,1,0,0,11.08,11.08,0.00%,0,0,0,0,0,0,0
CHI,Frank Nazar,nazarfr01,3,1,0,1,2,0,1,0,48.43,16.14,50.00%,1,0,0,0,0,0,0
CAR,Martin Nečas,necasma01,77,24,29,53,231,77,31,42,1336.43,17.36,10.39%,16,8,0,3,24,5,0
STL,Jake Neighbours,neighja01,77,27,11,38,145,138,45,21,1209.43,15.71,18.62%,19,8,0,4,5,6,0
NYI,Brock Nelson,nelsobr01,82,34,35,69,250,38,47,28,1482.85,18.08,13.60%,24,9,1,2,24,10,1
NJD,Simon Nemec,nemecsi01,60,3,16,19,73,22,105,33,1191.78,19.86,4.11%,3,0,0,1,14,2,0
ANA,Nikita Nesterenko,nesteni02,3,1,0,1,7,7,0,0,34.57,11.52,14.29%,1,0,0,0,0,0,0
MTL,Alex Newhook,newhoal01,55,15,19,34,85,36,31,18,930.95,16.93,17.65%,13,2,0,2,13,6,0
COL,Valeri Nichushkin,nichuva01,54,28,25,53,158,74,24,22,1152.92,21.35,17.72%,12,16,0,6,18,5,2
WPG,Nino Niederreiter,niedeni01,77,18,16,34,170,115,42,34,1152.3,14.96,10.59%,15,3,0,3,15,1,0
PIT,Matthew Nieto,nietoma01,22,1,3,4,13,14,9,4,255.45,11.61,7.69%,1,0,0,0,3,0,0
CAR,Stefan Noesen,noesest01,81,14,23,37,111,118,25,33,960.92,11.86,12.61%,11,3,0,3,15,8,0
OTT,Joshua Norris,norrijo01,50,16,14,30,115,86,30,22,881.87,17.64,13.91%,11,5,0,3,6,7,1
NJD,Tomáš Nosek,nosekto01,35,2,4,6,36,31,18,6,409.23,11.69,5.56%,2,0,0,0,4,0,0
TOR,Tomáš Nosek,nosekto01,1,0,0,0,2,2,2,0,15.88,15.88,0.00%,0,0,0,0,0,0,0
NSH,Thomas Novak,novakth01,71,18,27,45,113,5,31,8,1008.25,14.2,15.93%,12,6,0,1,21,6,0
EDM,Ryan Nugent-Hopkins,nugenry01,80,18,49,67,183,62,33,36,1569.93,19.62,9.84%,14,4,0,3,24,22,3
EDM,Darnell Nurse,nurseda01,81,10,22,32,181,168,172,79,1773.45,21.89,5.52%,8,1,1,2,18,4,0
PIT,Alexander Nylander,nylanal01,5,0,0,0,10,3,3,0,69.37,13.87,0.00%,0,0,0,0,0,0,0
CBJ,Alexander Nylander,nylanal01,23,11,4,15,62,9,9,6,385.6,16.77,17.74%,9,2,0,2,4,0,0
TOR,William Nylander,nylanwi01,82,40,58,98,316,32,29,24,1632.92,19.91,12.66%,26,11,3,7,33,24,1
NSH,Gustav Nyquist,nyquigu01,81,23,52,75,153,36,38,8,1437.13,17.74,15.03%,17,5,1,4,32,19,1
ARI,Liam O'Brien,obrieli01,74,5,9,14,71,225,33,142,721.27,9.75,7.04%,5,0,0,0,9,0,0
FLA,Liam O'Brien,obrieli01,1,0,0,0,1,4,0,11,8.43,8.43,0.00%,0,0,0,0,0,0,0
PIT,Drew O'Connor,oconndr01,78,16,17,33,157,53,58,20,1226.43,15.72,10.19%,15,0,1,2,16,0,1
CAR,Drew O'Connor,oconndr01,1,0,0,0,3,0,0,0,17.47,17.47,0.00%,0,0,0,0,0,0,0
COL,Logan O'Connor,oconnlo01,57,13,12,25,85,60,38,34,852.17,14.95,15.29%,10,0,3,4,12,0,0
CGY,Jordan Oesterle,oestejo01,22,0,2,2,18,22,33,4,297.38,13.52,0.00%,0,0,0,0,2,0,0
MIN,Liam Ohgren,ohgreli01,4,1,1,2,8,2,0,0,58.05,14.51,12.50%,1,0,0,1,1,0,0
SJS,Nikita Okhotyuk,okhotni01,43,1,7,8,48,125,72,44,707.32,16.45,2.08%,1,0,0,1,7,0,0
CGY,Nikita Okhotyuk,okhotni01,9,0,1,1,4,22,8,4,120.13,13.35,0.00%,0,0,0,0,1,0,0
BUF,Kyle Okposo,okposky01,61,12,10,22,106,61,34,32,830.45,13.61,11.32%,9,2,1,0,8,2,0
FLA,Kyle Okposo,okposky01,6,0,0,0,8,14,1,2,64.18,10.7,0.00%,0,0,0,0,0,0,0
COL,Oskar Olausson,olausos01,1,0,0,0,2,2,2,0,11.83,11.83,0.00%,0,0,0,0,0,0,0
SEA,Jamie Oleksiak,oleksja01,82,2,13,15,108,110,177,37,1611.18,19.65,1.85%,2,0,0,0,11,0,2
CBJ,Mathieu Olivier,olivima01,54,5,7,12,55,163,36,70,609.23,11.28,9.09%,4,0,1,1,7,0,0
COL,Fredrik Olofsson,olofsfr01,57,3,6,9,45,45,29,8,556.2,9.76,6.67%,3,0,0,1,6,0,0
SEA,Gustav Olofsson,olofsgu01,1,0,0,0,0,0,3,0,14.95,14.95,--,0,0,0,0,0,0,0
BUF,Victor Olofsson,olofsvi01,51,7,8,15,66,22,10,4,590.02,11.57,10.61%,6,1,0,1,6,2,0
NSH,Ryan O'Reilly,oreilry01,82,26,43,69,180,26,56,18,1620.8,19.77,14.44%,12,14,0,1,29,14,0
CAR,Dmitry Orlov,orlovdm01,82,6,20,26,129,116,60,36,1419.82,17.31,4.65%,5,0,1,1,15,5,0
WSH,T.J. Oshie,oshietj01,52,12,13,25,90,75,56,44,877.18,16.87,13.33%,5,7,0,4,9,4,0
OTT,Zack Ostapchuk,ostapza01,7,0,0,0,5,13,6,0,73.48,10.5,0.00%,0,0,0,0,0,0,0
NYR,Brennan Othmann,othmabr01,3,0,0,0,6,6,1,0,27.25,9.08,0.00%,0,0,0,0,0,0,0
WSH,Alex Ovechkin,ovechal01,79,31,34,65,272,162,27,20,1518.47,19.22,11.40%,18,13,0,5,19,15,0
VEG,Brayden Pachal,pachabr01,17,1,0,1,18,49,23,12,248.35,14.61,5.56%,1,0,0,0,0,0,0
CGY,Brayden Pachal,pachabr01,33,1,5,6,34,80,45,39,485.48,14.71,2.94%,1,0,0,0,4,0,1
WSH,Max Pacioretty,pacioma01,47,4,19,23,95,76,22,25,678.38,14.43,4.21%,2,2,0,0,10,9,0
NYI,Jean-Gabriel Pageau,pageaje01,82,11,22,33,101,196,81,13,1304.48,15.91,10.89%,9,1,1,2,16,1,5
NJD,Ondřej Palát,palaton01,71,11,20,31,108,92,49,37,1111.05,15.65,10.19%,10,1,0,0,16,4,0
NYI,Kyle Palmieri,palmiky01,82,30,24,54,218,89,42,26,1412.02,17.22,13.76%,20,10,0,8,14,10,0
NYR,Artemi Panarin,panarar01,82,49,71,120,303,18,15,24,1649.75,20.12,16.17%,38,11,0,5,37,33,1
STL,Colton Parayko,parayco01,82,10,16,26,154,113,218,23,1956.58,23.86,6.49%,9,0,1,4,14,1,1
COL,Zach Parise,parisza01,30,5,5,10,50,20,25,8,389.02,12.97,10.00%,5,0,0,1,3,2,0
NSH,Juuso Pärssinen,parssju01,44,8,4,12,54,62,15,12,642.38,14.6,14.81%,6,2,0,0,3,1,0
BOS,David Pastrňák,pastrda01,82,47,63,110,382,70,19,47,1634.23,19.93,12.30%,35,12,0,5,40,23,0
TBL,Nick Paul,paulni01,80,24,22,46,149,102,42,25,1381.67,17.27,16.11%,15,9,0,2,17,5,0
CAR,Nick Paul,paulni01,1,0,0,0,1,2,0,2,16.75,16.75,0.00%,0,0,0,0,0,0,0
ARI,Nick Paul,paulni01,1,0,0,0,3,0,0,0,16.9,16.9,0.00%,0,0,0,0,0,0,0
DAL,Joe Pavelski,paveljo01,82,27,40,67,194,75,70,20,1378.37,16.81,13.92%,16,11,0,4,30,10,0
COL,Ondrej Pavel,pavelon02,2,0,0,0,3,1,0,2,12.2,6.1,0.00%,0,0,0,0,0,0,0
MTL,Tanner Pearson,pearsta01,54,5,8,13,77,50,35,21,698.68,12.94,6.49%,4,1,0,1,7,1,0
CBJ,Andrew Peeke,peekean01,23,1,7,8,24,44,47,6,359.05,15.61,4.17%,1,0,0,0,6,0,1
BOS,Andrew Peeke,peekean01,15,0,2,2,13,44,31,8,264.1,17.61,0.00%,0,0,0,0,2,0,0
NYI,Adam Pelech,pelecad01,58,1,15,16,71,64,111,27,1176.33,20.28,1.41%,1,0,0,1,14,0,1
CGY,Jakob Pelletier,pelleja01,13,1,2,3,9,10,3,2,120.52,9.27,11.11%,1,0,0,1,2,0,0
TBL,Nicklaus Perbix,perbini01,75,2,21,23,57,80,110,8,1283.05,17.11,3.51%,2,0,0,1,21,0,0
CAR,Nicklaus Perbix,perbini01,1,0,1,1,0,0,2,2,15.05,15.05,--,0,0,0,0,1,0,0
ARI,Nicklaus Perbix,perbini01,1,0,0,0,0,0,2,0,17.18,17.18,--,0,0,0,0,0,0,0
WPG,Cole Perfetti,perfeco01,71,19,19,38,142,26,23,12,964.78,13.59,13.38%,14,5,0,3,13,6,0
DET,David Perron,perroda01,76,17,30,47,151,111,27,55,1187.8,15.63,11.26%,10,7,0,4,20,10,0
CHI,Corey Perry,perryco01,16,4,5,9,26,15,8,12,234.45,14.65,15.38%,3,1,0,1,4,1,0
EDM,Corey Perry,perryco01,38,8,5,13,56,28,9,34,488.18,12.85,14.29%,6,2,0,1,5,0,0
STL,Scott Perunovich,perunsc01,54,0,17,17,36,30,53,12,824.68,15.27,0.00%,0,0,0,0,11,6,0
CAR,Brett Pesce,pescebr01,70,3,10,13,107,25,113,20,1420.2,20.29,2.80%,3,0,0,1,10,0,0
MIN,Nic Petan,petanni01,6,0,2,2,11,5,1,2,65,10.83,0.00%,0,0,0,0,1,1,0
SJS,Jacob Peterson,peterja01,6,0,0,0,3,6,5,2,79.5,13.25,0.00%,0,0,0,0,0,0,0
BUF,John-Jason Peterka,peterjo01,82,28,22,50,226,27,18,28,1344.18,16.39,12.39%,25,3,0,5,18,4,0
DAL,Alexander Petrovic,petroal01,1,0,0,0,2,2,0,0,12.87,12.87,0.00%,0,0,0,0,0,0,0
DET,Jeff Petry,petryje01,73,3,21,24,84,150,134,39,1372.05,18.8,3.57%,3,0,0,0,20,0,1
VAN,Elias Pettersson,petteel01,82,34,55,89,207,125,68,12,1611.33,19.65,16.43%,21,13,0,10,35,18,2
PIT,Marcus Pettersson,pettema01,82,4,26,30,106,121,159,44,1859.02,22.67,3.77%,4,0,0,1,26,0,0
MTL,Michael Pezzetta,pezzemi01,61,3,9,12,42,242,29,59,475.55,7.8,7.14%,3,0,0,1,9,0,0
CHI,Isaak Phillips,phillis01,33,0,6,6,31,56,36,22,563.4,17.07,0.00%,0,0,0,0,6,0,0
WSH,Matthew Phillips,phillma01,28,1,4,5,17,7,14,0,281.67,10.06,5.88%,1,0,0,0,4,0,0
PIT,Matthew Phillips,phillma01,3,0,0,0,4,1,1,0,33.98,11.33,0.00%,0,0,0,0,0,0,0
VEG,Alex Pietrangelo,pietral01,64,4,29,33,141,46,160,24,1508.2,23.57,2.84%,4,0,0,2,19,9,1
OTT,Shane Pinto,pintosh01,41,9,18,27,110,39,31,14,742.48,18.11,8.18%,5,4,0,1,16,2,0
WPG,Neal Pionk,pionkne01,82,5,28,33,146,221,118,63,1707.97,20.83,3.42%,4,1,0,1,21,7,0
CHI,Rem Pitlick,pitlire01,9,0,0,0,13,9,6,2,140.28,15.59,0.00%,0,0,0,0,0,0,0
NYR,Tyler Pitlick,pitlity01,34,1,3,4,32,84,15,4,346.73,10.2,3.13%,1,0,0,0,3,0,0
VAN,Vasily Podkolzin,podkova01,19,0,2,2,20,70,3,8,205.38,10.81,0.00%,0,0,0,0,2,0,0
PHI,Ryan Poehling,poehlry01,77,11,17,28,111,62,101,6,1154.67,15,9.91%,7,1,3,1,15,1,1
TBL,Brayden Point,pointbr01,81,46,44,90,227,16,44,14,1623.17,20.04,20.26%,31,15,0,12,27,17,0
BOS,Matthew Poitras,poitrma01,33,5,10,15,40,17,15,6,442.07,13.4,12.50%,5,0,0,1,9,1,0
COL,Jason Polin,polinja01,7,1,0,1,6,14,1,2,51.97,7.42,16.67%,1,0,0,0,0,0,0
CAR,Vasiliy Ponomarev,ponomva01,2,1,1,2,1,0,1,0,19.35,9.68,100.00%,1,0,0,0,1,0,0
CGY,Martin Pospisil,pospima01,63,8,16,24,117,238,22,109,801.33,12.72,6.84%,8,0,0,1,16,0,0
SEA,Andrew Poturalski,poturan01,2,0,0,0,0,0,0,0,13.75,6.88,--,0,0,0,0,0,0,0
DAL,Derrick Pouliot,poulide01,5,0,0,0,5,4,5,0,60.7,12.14,0.00%,0,0,0,0,0,0,0
PIT,Samuel Poulin,poulisa01,3,0,0,0,2,5,3,2,23.37,7.79,0.00%,0,0,0,0,0,0,0
BUF,Owen Power,powerow01,76,6,27,33,108,45,115,28,1741.92,22.92,5.56%,6,0,0,1,20,6,1
WSH,Aliaksei Protas,protaal01,78,6,23,29,113,34,49,8,1072.2,13.75,5.31%,6,0,0,1,22,0,1
CBJ,Ivan Provorov,provoiv01,82,5,27,32,107,66,155,20,1817.32,22.16,4.67%,5,0,0,0,20,7,0
PIT,Jesse Puljujärvi,puljuje01,22,3,1,4,29,40,6,6,202.15,9.19,10.34%,3,0,0,0,1,0,0
NYI,Ryan Pulock,pulocry01,58,5,14,19,90,99,149,12,1307.9,22.55,5.56%,3,2,0,1,10,4,0
PIT,Valtteri Puustinen,puustva01,51,5,15,20,84,40,32,6,603.78,11.84,5.95%,5,0,0,0,13,2,0
CAR,Valtteri Puustinen,puustva01,1,0,0,0,2,0,1,0,7.07,7.07,0.00%,0,0,0,0,0,0,0
CBJ,Mikael Pyyhtia,pyyhtmi01,17,0,2,2,22,9,20,0,223.62,13.15,0.00%,0,0,0,0,2,0,0
BUF,Jack Quinn,quinnja01,27,9,10,19,56,31,12,8,422.32,15.64,16.07%,8,1,0,2,8,2,0
TBL,Darren Raddysh,raddyda01,80,6,27,33,100,75,103,21,1535.25,19.19,6.00%,5,1,0,2,21,6,0
CAR,Darren Raddysh,raddyda01,1,0,0,0,0,0,0,0,15.7,15.7,--,0,0,0,0,0,0,0
ARI,Darren Raddysh,raddyda01,1,0,0,0,1,0,2,0,15.72,15.72,0.00%,0,0,0,0,0,0,0
CHI,Taylor Raddysh,raddyta01,73,5,9,14,120,84,28,22,1159.45,15.88,4.17%,3,1,1,0,7,2,0
PIT,Rickard Rakell,rakelri01,69,15,22,37,165,112,38,22,1138.23,16.5,9.09%,11,4,0,2,20,2,0
CAR,Rickard Rakell,rakelri01,1,0,0,0,0,0,2,0,17.87,17.87,--,0,0,0,0,0,0,0
COL,Mikko Rantanen,rantami01,80,42,62,104,271,53,49,50,1832.45,22.91,15.50%,28,14,0,9,36,26,0
MIN,Adam Raška,raskaad01,5,0,0,0,0,12,1,0,34.05,6.81,--,0,0,0,0,0,0,0
DET,Michael Rasmussen,rasmumi01,75,13,20,33,101,124,76,47,1139.32,15.19,12.87%,12,0,1,3,17,0,3
ARI,Aku Raty,ratyak01,1,0,1,1,0,2,0,0,11.75,11.75,--,0,0,0,0,1,0,0
DET,Lucas Raymond,raymolu01,82,31,41,72,163,69,27,30,1455.77,17.75,19.02%,25,6,0,4,31,10,0
TOR,Ryan Reaves,reavery01,49,4,2,6,26,165,17,49,397.7,8.12,15.38%,4,0,0,0,2,0,0
ANA,Pavol Regenda,regenpa01,5,0,0,0,7,11,5,2,57.82,11.56,0.00%,0,0,0,0,0,0,0
CHI,Lukas Reichel,reichlu01,65,5,11,16,84,27,25,12,917.18,14.11,5.95%,3,2,0,0,11,0,0
FLA,Mike Reilly,reillmi01,2,0,0,0,7,0,3,2,28.27,14.13,0.00%,0,0,0,0,0,0,0
NYI,Mike Reilly,reillmi01,59,6,18,24,119,47,57,28,1018.25,17.26,5.04%,5,0,1,1,13,5,0
FLA,Sam Reinhart,reinhsa01,82,57,37,94,233,78,66,31,1664.58,20.3,24.46%,25,27,5,11,30,7,0
VEG,Sheldon Rempal,rempash01,9,2,1,3,16,0,3,4,89.75,9.97,12.50%,1,1,0,0,1,0,0
NYR,Matt Rempe,rempema01,17,1,1,2,12,50,5,71,95.63,5.63,8.33%,1,0,0,1,1,0,0
BOS,Anthony Richard,richaan01,9,1,2,3,6,25,5,2,95.47,10.61,16.67%,1,0,0,0,2,0,0
TOR,Morgan Rielly,riellmo01,72,7,51,58,173,98,137,27,1709.37,23.74,4.05%,6,1,0,0,32,19,0
TOR,Marshall Rifai,rifaima01,2,0,0,0,1,4,1,0,23.32,11.66,0.00%,0,0,0,0,0,0,0
PHI,Rasmus Ristolainen,ristora01,31,1,3,4,46,56,45,8,517.42,16.69,2.17%,1,0,0,0,3,0,0
DAL,Jason Robertson,roberja01,82,29,51,80,231,77,31,22,1502.63,18.32,12.55%,20,9,0,4,32,19,0
TOR,Nicholas Robertson,roberni01,56,14,13,27,96,34,24,4,637.08,11.38,14.58%,13,1,0,1,11,2,0
CBJ,Eric Robinson,robiner01,7,1,0,1,9,22,3,0,92.72,13.25,11.11%,1,0,0,1,0,0,0
BUF,Eric Robinson,robiner01,40,2,7,9,52,72,8,19,439.88,11,3.85%,2,0,0,0,7,0,0
FLA,Evan Rodrigues,rodriev01,80,12,27,39,186,104,28,34,1213.38,15.17,6.45%,9,3,0,1,20,7,0
NYI,Alexander Romanov,romanal01,81,7,15,22,117,157,171,20,1688.07,20.84,5.98%,7,0,0,0,15,0,0
VEG,Jonas Røndbjerg,rondbjo01,20,1,2,3,25,7,10,0,225.53,11.28,4.00%,1,0,0,0,2,0,0
CGY,Kevin Rooney,rooneke01,33,3,1,4,27,65,29,2,370.12,11.22,11.11%,3,0,0,0,1,0,0
CHI,Filip Roos,roosfi01,4,0,0,0,2,8,2,0,58.92,14.73,0.00%,0,0,0,0,0,0,0
STL,Calle Rosén,rosenca01,6,0,1,1,5,2,7,2,75.98,12.66,0.00%,0,0,0,0,1,0,0
BUF,Isak Rosen,rosenis01,7,0,0,0,8,0,2,0,60.1,8.59,0.00%,0,0,0,0,0,0,0
CBJ,Jack Roslovic,rosloja01,40,6,17,23,86,22,19,14,662.08,16.55,6.98%,5,0,1,2,14,3,0
NYR,Jack Roslovic,rosloja01,19,3,5,8,31,6,5,2,255.63,13.45,9.68%,3,0,0,1,4,1,0
MIN,Marco Rossi,rossima01,82,21,19,40,167,35,37,47,1371.87,16.73,12.57%,19,2,0,2,15,4,0
BUF,Lukáš Rousek,rouselu01,15,0,2,2,4,5,7,0,159.42,10.63,0.00%,0,0,0,0,2,0,0
MTL,Joshua Roy,royjo01,23,4,5,9,34,12,21,0,279.23,12.14,11.76%,4,0,0,0,5,0,0
LAK,Matt Roy,royma04,81,5,20,25,135,152,197,42,1692.48,20.89,3.70%,5,0,0,1,17,1,2
VEG,Nicolas Roy,royni01,70,13,28,41,112,77,35,29,1081.68,15.45,11.61%,11,1,1,2,22,6,0
PIT,Chad Ruhwedel,ruhwech01,46,1,3,4,30,71,36,4,574.32,12.49,3.33%,1,0,0,0,3,0,0
CAR,Chad Ruhwedel,ruhwech01,1,0,0,0,4,4,1,0,15.43,15.43,0.00%,0,0,0,0,0,0,0
NYR,Chad Ruhwedel,ruhwech01,5,0,0,0,1,15,7,0,70.67,14.13,0.00%,0,0,0,0,0,0,0
PIT,Bryan Rust,rustbr01,62,28,28,56,196,47,51,20,1213.85,19.58,14.29%,24,3,1,3,22,6,0
SJS,Jan Rutta,ruttaja02,69,5,14,19,69,69,110,38,1360.72,19.72,7.25%,5,0,0,1,12,0,2
CGY,Adam Ružička,ruzicad01,39,3,6,9,34,10,15,6,396.27,10.16,8.82%,3,0,0,1,2,4,0
ARI,Adam Ružička,ruzicad01,3,0,0,0,1,1,1,6,24.87,8.29,0.00%,0,0,0,0,0,0,0
EDM,Derek Ryan,ryande01,70,5,7,12,52,59,28,8,713.53,10.19,9.62%,3,0,2,0,6,0,1
STL,Brandon Saad,saadbr01,82,26,16,42,144,17,16,20,1271.25,15.5,18.06%,21,5,0,7,16,0,0
SJS,Scott Sabourin,sabousc01,3,0,0,0,3,10,1,9,27.83,9.28,0.00%,0,0,0,0,0,0,0
WPG,Dylan Samberg,sambedy01,78,1,17,18,77,65,111,43,1218.8,15.63,1.30%,1,0,0,0,15,1,1
FLA,Mackie Samoskevich,samosma01,7,0,0,0,11,5,3,0,84.27,12.04,0.00%,0,0,0,0,0,0,0
BUF,Mattias Samuelsson,samuema02,41,1,6,7,44,106,87,26,840.5,20.5,2.27%,1,0,0,1,6,0,0
OTT,Jake Sanderson,sandeja01,79,10,28,38,158,49,139,23,1834.25,23.22,6.33%,7,3,0,3,17,11,0
WSH,Rasmus Sandin,sandira01,68,3,20,23,79,75,106,24,1436.2,21.12,3.80%,3,0,0,1,15,5,0
ARI,Zach Sanford,sanfoza01,11,0,2,2,9,7,8,4,101.77,9.25,0.00%,0,0,0,0,2,0,0
CHI,Zach Sanford,sanfoza01,18,0,4,4,15,17,11,2,212.5,11.81,0.00%,0,0,0,0,3,1,0
PHI,Travis Sanheim,sanhetr01,81,10,34,44,146,94,149,48,1928.23,23.81,6.85%,9,0,1,3,26,5,3
MTL,David Savard,savarda01,60,6,18,24,54,69,163,24,1214.48,20.24,11.11%,6,0,0,0,18,0,0
BUF,Matthew Savoie,savoima01,1,0,0,0,0,0,0,0,3.92,3.92,--,0,0,0,0,0,0,0
STL,Marco Scandella,scandma01,65,2,6,8,42,70,49,15,810.8,12.47,4.76%,1,0,1,1,6,0,0
NYR,Brandon Scanlin,scanlbr01,1,0,0,0,0,1,0,0,10.77,10.77,--,0,0,0,0,0,0,0
WPG,Mark Scheifele,scheima01,74,25,47,72,154,63,40,57,1493.73,20.19,16.23%,19,6,0,4,35,12,0
STL,Brayden Schenn,schenbr01,82,20,26,46,170,169,51,56,1458.03,17.78,11.76%,15,4,1,3,18,8,0
NSH,Luke Schenn,schenlu01,63,1,6,7,81,202,76,43,956.62,15.18,1.23%,1,0,0,0,6,0,0
ARI,Nick Schmaltz,schmani01,79,22,39,61,158,16,41,10,1515.05,19.18,13.92%,11,10,1,3,28,11,0
WPG,Nate Schmidt,schmina01,63,2,12,14,75,66,76,16,1059.43,16.82,2.67%,1,1,0,1,9,3,0
NYR,Braden Schneider,schnebr01,82,5,14,19,95,167,133,16,1303.67,15.9,5.26%,4,0,1,1,14,0,0
SEA,Justin Schultz,schulju01,70,7,19,26,100,26,68,22,1153.12,16.47,7.00%,7,0,0,2,9,10,0
SEA,Jaden Schwartz,schwaja01,62,13,17,30,117,46,27,24,1014.47,16.36,11.11%,6,7,0,0,14,3,0
CGY,Cole Schwindt,schwico01,4,0,0,0,1,5,1,2,27.17,6.79,0.00%,0,0,0,0,0,0,0
PHI,Nick Seeler,seeleni01,71,1,12,13,100,132,205,78,1203.33,16.95,1.00%,1,0,0,0,8,0,4
DAL,Tyler Seguin,seguity01,68,25,27,52,154,61,22,26,1125.2,16.55,16.23%,22,3,0,3,20,5,2
DET,Moritz Seider,seidemo01,82,9,33,42,135,211,213,51,1833.48,22.36,6.67%,6,3,0,0,18,14,1
CHI,Brett Seney,seneybr01,4,0,0,0,1,9,6,6,41.38,10.35,0.00%,0,0,0,0,0,0,0
TBL,Mikhail Sergachev,sergami01,32,2,16,18,50,35,68,16,720.03,22.5,4.00%,2,0,0,0,9,7,0
CAR,Mikhail Sergachev,sergami01,1,0,1,1,0,0,0,0,23.32,23.32,--,0,0,0,0,1,0,0
ARI,Mikhail Sergachev,sergami01,1,0,0,0,3,1,1,0,23.55,23.55,0.00%,0,0,0,0,0,0,0
CBJ,Damon Severson,severda01,67,9,19,28,88,45,83,51,1416.88,21.15,10.23%,9,0,0,1,14,3,2
WSH,Michael Sgarbossa,sgarbmi01,25,4,3,7,27,16,3,2,274.27,10.97,14.81%,4,0,0,1,2,1,0
CGY,Yegor Sharangovich,sharaye01,82,31,28,59,179,13,44,8,1419.82,17.31,17.32%,22,6,3,4,13,11,4
BOS,Kevin Shattenkirk,shattke01,61,6,18,24,78,63,85,18,962.58,15.78,7.69%,4,2,0,0,9,9,0
MIN,Mason Shaw,shawma01,20,1,2,3,21,29,6,34,163.7,8.19,4.76%,1,0,0,0,2,0,0
TBL,Conor Sheary,shearco01,57,4,11,15,50,19,35,12,632.83,11.1,8.00%,4,0,0,0,11,0,0
PIT,Ryan Shea,sheary01,31,1,0,1,17,24,24,6,391.37,12.62,5.88%,1,0,0,0,0,0,0
NSH,Kiefer Sherwood,sherwki01,68,10,17,27,110,234,22,41,827.55,12.17,9.09%,10,0,0,2,17,0,0
SEA,Devin Shore,shorede01,21,1,3,4,15,27,9,4,168.15,8.01,6.67%,1,0,0,0,3,0,0
NJD,Jonas Siegenthaler,siegejo01,57,1,8,9,63,87,97,20,1102.3,19.34,1.59%,1,0,0,0,8,0,0
ANA,Jakob Silfverberg,silfvja01,81,7,12,19,102,16,36,24,1057.1,13.05,6.86%,5,1,1,1,8,3,1
CBJ,Cole Sillinger,sillico01,77,13,19,32,157,119,74,46,1241.2,16.12,8.28%,12,1,0,1,18,0,1
NSH,Colton Sissons,sissoco01,81,15,20,35,131,137,57,38,1342.47,16.57,11.45%,9,3,3,2,15,4,1
BUF,Jeff Skinner,skinnje01,74,24,22,46,211,26,13,34,1183.72,16,11.37%,16,8,0,3,18,4,0
CAR,Brady Skjei,skjeibr01,80,13,34,47,185,69,90,40,1702.25,21.28,7.03%,11,1,1,2,20,11,3
MTL,Juraj Slafkovsky,slafkju01,82,20,30,50,152,152,71,55,1470.73,17.94,13.16%,14,6,0,2,22,8,0
CHI,Landon Slaggert,slaggla01,16,1,3,4,14,16,6,4,180.23,11.26,7.14%,1,0,0,0,3,0,0
CAR,Jaccob Slavin,slavija01,81,6,31,37,151,55,120,8,1695.48,20.93,3.97%,4,0,2,1,30,0,1
OTT,Jiri Smejkal,smejkji01,20,1,1,2,10,32,13,4,189.57,9.48,10.00%,1,0,0,0,1,0,0
NJD,Brendan Smith,smithbr05,62,5,9,14,60,112,100,61,995.58,16.06,8.33%,5,0,0,0,9,0,0
TOR,Brendan Smith,smithbr05,1,0,1,1,0,5,1,0,18.75,18.75,--,0,0,0,0,1,0,0
NSH,Cole Smith,smithco02,80,9,14,23,112,235,32,63,1095.15,13.69,8.04%,8,0,1,4,12,0,2
DAL,Craig Smith,smithcr01,75,11,9,20,112,51,30,33,766.25,10.22,9.82%,11,0,0,2,9,0,0
SJS,Givani Smith,smithgi01,36,1,3,4,31,87,12,40,281.13,7.81,3.23%,1,0,0,0,3,0,0
PIT,Reilly Smith,smithre01,76,13,27,40,152,55,28,18,1226.17,16.13,8.55%,12,1,0,3,20,7,0
WSH,Joe Snively,snivejo01,3,0,0,0,0,1,0,0,25.03,8.34,--,0,0,0,0,0,0,0
ARI,Victor Söderström,sodervi01,3,0,0,0,1,3,6,0,45.57,15.19,0.00%,0,0,0,0,0,0,0
CGY,Ilya Solovyov,solovil01,10,0,3,3,10,14,17,4,158.95,15.9,0.00%,0,0,0,0,2,0,1
VAN,Carson Soucy,soucyca01,40,2,4,6,29,65,64,12,699.42,17.49,6.90%,1,1,0,0,3,1,0
FLA,Justin Sourdif,sourdju01,3,0,0,0,2,5,2,0,26.52,8.84,0.00%,0,0,0,0,0,0,0
LAK,Jordan Spence,spencjo01,71,2,22,24,80,67,55,12,1024.25,14.43,2.50%,1,1,0,0,17,5,0
DET,Daniel Sprong,spronda01,76,18,25,43,160,32,15,22,912.03,12,11.25%,15,3,0,1,16,9,0
MIN,Jared Spurgeon,spurgja01,16,0,5,5,21,14,29,2,373.23,23.33,0.00%,0,0,0,0,2,3,0
CAR,Jordan Staal,staaljo01,80,10,20,30,123,142,41,44,1230.3,15.38,8.13%,9,0,1,3,16,1,3
PHI,Marc Staal,staalma01,35,1,4,5,20,31,44,14,483.42,13.81,5.00%,1,0,0,0,4,0,0
TBL,Steven Stamkos,stamkst01,79,40,41,81,262,78,43,34,1440.05,18.23,15.27%,21,19,0,6,21,20,0
DAL,Logan Stankoven,stanklo01,24,6,8,14,51,20,11,4,352.13,14.67,11.76%,5,1,0,0,7,1,0
WPG,Logan Stanley,stanllo01,25,1,1,2,29,45,40,36,344.18,13.77,3.45%,1,0,0,0,1,0,0
NSH,Spencer Stastney,stastsp01,20,2,2,4,11,2,29,4,319.67,15.98,18.18%,2,0,0,1,2,0,0
ARI,Troy Stecher,stechtr01,47,1,4,5,45,52,67,24,866.42,18.43,2.22%,1,0,0,0,4,0,0
EDM,Troy Stecher,stechtr01,7,0,2,2,6,15,10,8,112.02,16,0.00%,0,0,0,0,2,0,0
DAL,Sam Steel,steelsa01,77,9,15,24,86,58,32,29,1019.62,13.24,10.47%,7,0,2,1,14,0,1
BOS,Oskar Steen,steenos01,34,1,0,1,24,79,19,4,308.38,9.07,4.17%,1,0,0,0,0,0,0
TOR,Alex Steeves,steeval02,1,0,0,0,1,6,0,0,10.23,10.23,0.00%,0,0,0,0,0,0,0
FLA,Kevin Stenlund,stenlke01,81,11,4,15,81,83,55,62,1020.93,12.6,13.58%,9,0,2,3,4,0,0
VEG,Chandler Stephenson,stephch02,75,16,35,51,97,43,40,25,1386.27,18.48,16.49%,10,4,2,4,25,9,1
MTL,Mitchell Stephens,stephmi01,23,2,1,3,16,8,7,4,208.18,9.05,12.50%,2,0,0,0,1,0,0
PIT,John St. Ivany,stivajo01,14,0,1,1,11,30,14,2,191.83,13.7,0.00%,0,0,0,0,1,0,0
VEG,Mark Stone,stonema01,56,16,37,53,117,34,40,22,1086.8,19.41,13.68%,10,4,2,5,25,10,2
WSH,Dylan Strome,stromdy01,82,27,40,67,169,12,61,22,1471.9,17.95,15.98%,21,6,0,5,24,16,0
ANA,Ryan Strome,stromry01,79,11,30,41,131,64,21,86,1248.12,15.8,8.40%,9,2,0,0,17,13,0
MTL,Jayden Struble,strubja01,56,3,7,10,47,121,53,57,902.27,16.11,6.38%,3,0,0,0,7,0,0
SEA,Marián Studenič,studema01,2,0,0,0,1,4,0,2,16.22,8.11,0.00%,0,0,0,0,0,0,0
VAN,Jack Studnicka,studnja01,5,1,0,1,4,8,1,0,50.95,10.19,25.00%,1,0,0,0,0,0,0
SJS,Jack Studnicka,studnja01,17,0,0,0,16,28,10,6,200.98,11.82,0.00%,0,0,0,0,0,0,0
OTT,Tim Stützle,stuetti02,75,18,52,70,192,100,41,28,1583.88,21.12,9.38%,17,1,0,2,33,19,0
SJS,Nico Sturm,sturmni01,63,5,8,13,69,75,39,12,923.53,14.66,7.25%,4,0,1,0,8,0,0
STL,Oskar Sundqvist,sundqos01,71,6,15,21,68,82,49,32,940.73,13.25,8.82%,2,3,1,0,11,2,2
VAN,Pius Suter,suterpi01,67,14,15,29,105,54,23,16,1038.17,15.5,13.33%,12,2,0,3,12,3,0
DAL,Ryan Suter,suterry01,82,2,15,17,102,86,111,28,1553.07,18.94,1.96%,2,0,0,1,14,0,1
MTL,Nick Suzuki,suzukni01,82,33,44,77,185,69,48,36,1743.65,21.26,17.84%,21,12,0,1,25,19,0
CAR,Andrei Svechnikov,svechan01,59,19,33,52,144,142,22,58,1001.8,16.98,13.19%,14,5,0,8,21,12,0
ARI,Maksymilian Szuber,szubema01,1,0,0,0,1,2,1,2,16.98,16.98,0.00%,0,0,0,0,0,0,0
SEA,Brandon Tanev,tanevbr01,66,7,9,16,73,148,62,51,962.75,14.59,9.59%,7,0,0,0,7,0,2
CGY,Chris Tanev,tanevch01,56,1,13,14,43,25,171,14,1111.02,19.84,2.33%,1,0,0,0,13,0,0
DAL,Chris Tanev,tanevch01,19,1,4,5,13,20,36,10,365.27,19.22,7.69%,1,0,0,0,4,0,0
OTT,Vladimir Tarasenko,tarasvl01,57,17,24,41,116,54,30,12,914.8,16.05,14.66%,15,2,0,4,18,6,0
FLA,Vladimir Tarasenko,tarasvl01,19,6,8,14,39,31,9,0,281.2,14.8,15.38%,5,1,0,1,8,0,0
COL,Tomáš Tatar,tatarto01,27,1,8,9,19,16,10,10,304.6,11.28,5.26%,1,0,0,0,7,1,0
SEA,Tomáš Tatar,tatarto01,43,8,7,15,53,27,14,10,567.07,13.19,15.09%,8,0,0,2,7,0,0
TOR,John Tavares,tavarjo01,80,29,36,65,279,134,37,30,1429.2,17.87,10.39%,20,9,0,6,25,11,0
CAR,Teuvo Teräväinen,teravte01,76,25,28,53,142,16,26,10,1246.53,16.4,17.61%,15,9,1,4,17,8,3
ANA,Troy Terry,terrytr01,76,20,34,54,172,17,30,24,1389.88,18.29,11.63%,16,4,0,5,25,9,0
CBJ,Alexandre Texier,texieal01,78,12,18,30,109,57,36,38,1184.1,15.18,11.01%,10,0,2,1,16,2,0
VEG,Shea Theodore,theodsh01,47,5,37,42,105,9,78,6,1038.15,22.09,4.76%,3,2,0,1,24,13,0
LAK,Akil Thomas,thomaak01,7,3,1,4,9,8,3,2,61.1,8.73,33.33%,3,0,0,1,1,0,0
STL,Robert Thomas,thomaro01,82,26,60,86,170,16,47,48,1719.25,20.97,15.29%,17,8,1,3,39,19,2
TBL,Jack Thompson,thompja01,1,0,0,0,1,2,0,0,11.65,11.65,0.00%,0,0,0,0,0,0,0
SJS,Jack Thompson,thompja01,2,0,0,0,3,2,3,0,35.37,17.68,0.00%,0,0,0,0,0,0,0
BUF,Tage Thompson,thompta01,71,29,27,56,246,79,29,43,1286.38,18.12,11.79%,18,9,2,3,20,7,0
SJS,Henry Thrun,thrunhe01,51,3,8,11,48,26,71,16,1019.98,20,6.25%,1,2,0,0,6,2,0
NJD,Chris Tierney,tiernch01,51,4,7,11,26,20,12,21,463.53,9.09,15.38%,4,0,0,0,7,0,0
TOR,Chris Tierney,tiernch01,1,0,1,1,0,0,0,0,5.77,5.77,--,0,0,0,0,1,0,0
TOR,Conor Timmins,timmico01,25,1,9,10,25,34,28,18,400.53,16.02,4.00%,1,0,0,0,7,2,0
CHI,Jarred Tinordi,tinorja01,52,0,9,9,32,171,94,64,813.58,15.65,0.00%,0,0,0,0,8,0,1
PHI,Owen Tippett,tippeow01,78,28,25,53,289,148,47,12,1293.72,16.59,9.69%,23,5,0,4,22,3,0
OTT,Brady Tkachuk,tkachbr01,81,37,37,74,357,294,34,134,1550.52,19.14,10.36%,25,12,0,2,27,10,0
FLA,Matthew Tkachuk,tkachma01,80,26,62,88,280,151,28,88,1491.2,18.64,9.29%,19,6,1,2,36,26,0
COL,Devon Toews,toewsde01,82,12,38,50,159,74,110,18,1921.18,23.43,7.55%,12,0,0,2,31,5,2
NJD,Tyler Toffoli,toffoty01,61,26,18,44,179,62,8,12,1069.63,17.53,14.53%,18,8,0,2,12,6,0
WPG,Tyler Toffoli,toffoty01,18,7,4,11,50,13,3,2,270.22,15.01,14.00%,4,3,0,2,3,1,0
SEA,Eeli Tolvanen,tolvaee01,81,16,25,41,153,210,75,24,1267.02,15.64,10.46%,15,1,0,3,16,9,0
NSH,Philip Tomasino,tomasph01,41,7,13,20,62,13,18,25,515.53,12.57,11.29%,7,0,0,2,9,4,0
WPG,Dominic Toninato,tonindo01,15,1,4,5,12,26,9,6,152.87,10.19,8.33%,1,0,0,1,4,0,0
STL,Alexey Toropchenko,toropal01,82,14,7,21,114,165,55,30,1026.8,12.52,12.28%,12,0,2,1,7,0,0
NSH,Yakov Trenin,treniya01,60,10,4,14,94,170,26,38,903.88,15.06,10.64%,10,0,0,2,3,0,1
COL,Yakov Trenin,treniya01,16,2,1,3,22,37,10,2,203.7,12.73,9.09%,2,0,0,1,1,0,0
NYR,Vincent Trocheck,trochvi01,82,25,52,77,215,175,86,55,1759.28,21.45,11.63%,13,11,1,5,39,13,0
NYR,Jacob Trouba,troubja01,69,3,19,22,129,191,183,73,1465.95,21.25,2.33%,3,0,0,0,17,1,1
BUF,Alex Tuch,tuchal01,75,22,37,59,192,72,82,54,1462.78,19.5,11.46%,19,2,1,7,28,9,0
STL,Tyler Tucker,tuckety01,26,1,1,2,17,64,27,42,323.72,12.45,5.88%,1,0,0,0,1,0,0
COL,Riley Tufte,tufteri01,5,1,1,2,7,8,2,2,55.6,11.12,14.29%,1,0,0,1,1,0,0
LAK,Alex Turcotte,turcoal02,20,1,3,4,14,7,10,6,185.6,9.28,7.14%,1,0,0,0,3,0,0
ANA,Urho Vaakanainen,vaakaur01,68,1,13,14,67,55,79,26,1188.37,17.48,1.49%,1,0,0,0,12,0,1
ARI,Juuso Välimäki,valimju01,67,2,15,17,69,66,89,12,1279.25,19.09,2.90%,2,0,0,0,11,4,0
FLA,Juuso Välimäki,valimju01,1,0,0,0,0,3,1,0,19.13,19.13,--,0,0,0,0,0,0,0
BOS,James van Riemsdyk,vanrija01,71,11,27,38,142,34,22,20,958.93,13.51,7.75%,5,6,0,3,21,6,0
WSH,Trevor van Riemsdyk,vanritr01,70,0,14,14,75,22,103,18,1306.52,18.66,0.00%,0,0,0,0,13,0,1
ANA,Frank Vatrano,vatrafr01,82,37,23,60,272,156,78,85,1504.27,18.34,13.60%,21,13,3,7,15,7,1
DET,Joe Veleno,velenjo01,80,12,16,28,86,108,35,25,1116.52,13.96,13.95%,9,3,0,1,13,2,1
FLA,Carter Verhaeghe,verhaca01,76,34,38,72,246,63,20,36,1365.15,17.96,13.82%,26,8,0,7,25,13,0
NYR,Jimmy Vesey,veseyji02,80,13,13,26,116,90,28,20,990.15,12.38,11.21%,13,0,0,4,13,0,0
WPG,Gabriel Vilardi,vilarga01,47,22,14,36,117,14,24,14,799.35,17.01,18.80%,13,9,0,5,9,5,0
CHI,Alex Vlasic,vlasial01,76,2,14,16,71,56,148,45,1632.38,21.48,2.82%,2,0,0,1,12,2,0
SJS,Marc-Édouard Vlasic,vlasima01,57,6,6,12,72,35,108,26,928,16.28,8.33%,6,0,0,1,6,0,0
CBJ,Dmitri Voronkov,vorondi01,75,18,16,34,142,83,48,52,1009.27,13.46,12.68%,12,6,0,2,14,2,0
STL,Jakub Vrána,vranaja01,21,2,4,6,42,9,4,8,254.65,12.13,4.76%,2,0,0,0,4,0,0
COL,Chris Wagner,wagnech01,13,1,1,2,16,30,5,9,96.9,7.45,6.25%,1,0,0,0,1,0,0
NYI,Oliver Wahlstrom,wahlsol01,32,2,4,6,41,35,22,8,354.25,11.07,4.88%,1,1,0,0,3,1,0
STL,Nathan Walker,walkena01,45,7,6,13,43,95,35,18,486.45,10.81,16.28%,7,0,0,0,6,0,0
MIN,Samuel Walker,walkesa01,4,0,0,0,3,2,1,0,37.45,9.36,0.00%,0,0,0,0,0,0,0
PHI,Sean Walker,walkese01,63,6,16,22,109,86,98,34,1234.68,19.6,5.50%,4,0,2,1,14,1,1
COL,Sean Walker,walkese01,18,4,3,7,41,32,29,16,323.08,17.95,9.76%,4,0,0,0,3,0,0
DET,Jake Walman,walmaja01,63,12,9,21,108,42,151,44,1245.47,19.77,11.11%,11,1,0,3,5,3,1
TBL,Austin Watson,watsoau01,32,2,2,4,17,85,17,67,235.72,7.37,11.76%,2,0,0,0,2,0,0
CAR,Austin Watson,watsoau01,1,0,0,0,0,0,3,26,4.02,4.02,--,0,0,0,0,0,0,0
CGY,MacKenzie Weegar,weegama01,82,20,32,52,208,194,200,51,1880.28,22.93,9.62%,17,3,0,2,18,12,2
SEA,Alexander Wennberg,wennbal01,60,9,16,25,80,37,65,14,1129.12,18.82,11.25%,6,2,1,4,14,2,0
NYR,Alexander Wennberg,wennbal01,19,1,4,5,10,9,10,0,292,15.37,10.00%,0,1,0,0,3,1,0
CBJ,Zach Werenski,werenza01,70,11,46,57,202,23,130,22,1711.6,24.45,5.45%,9,2,0,0,36,10,0
NYR,Blake Wheeler,wheelbl01,54,9,12,21,83,31,31,23,686.75,12.72,10.84%,8,1,0,1,12,0,0
CAR,Colin White,whiteco02,1,0,0,0,0,0,0,0,7.35,7.35,--,0,0,0,0,0,0,0
PIT,Colin White,whiteco02,10,0,0,0,8,11,5,2,102.08,10.21,0.00%,0,0,0,0,0,0,0
MTL,Colin White,whiteco02,17,0,0,0,8,11,7,2,157.2,9.25,0.00%,0,0,0,0,0,0,0
VEG,Zach Whitecloud,whiteza01,61,2,12,14,51,129,105,32,1072.58,17.58,3.92%,2,0,0,1,11,0,1
NJD,Maxwell Willman,willmma01,17,2,1,3,16,22,7,2,144.62,8.51,12.50%,2,0,0,0,1,0,0
TOR,Maxwell Willman,willmma01,1,1,0,1,1,1,0,0,5.37,5.37,100.00%,1,0,0,1,0,0,0
WSH,Tom Wilson,wilsoto01,74,18,17,35,169,228,74,133,1339.55,18.1,10.65%,11,5,2,3,12,5,0
SEA,Ryan Winterton,wintery01,9,0,0,0,10,10,4,0,84.05,9.34,0.00%,0,0,0,0,0,0,0
COL,Miles Wood,woodmi01,74,9,17,26,167,107,35,75,1012.63,13.68,5.39%,8,0,1,1,17,0,0
BOS,Parker Wotherspoon,wothepa01,41,0,8,8,32,84,67,31,726.6,17.72,0.00%,0,0,0,0,8,0,0
SEA,Shane Wright,wrighsh01,8,4,1,5,12,1,6,0,108.28,13.54,33.33%,4,0,0,3,0,1,0
MTL,Arber Xhekaj,xhekaar01,44,3,7,10,61,125,49,81,700.8,15.93,4.92%,3,0,0,0,7,0,0
SEA,Kailer Yamamoto,yamamka01,59,8,8,16,61,31,18,18,707.5,11.99,13.11%,6,2,0,2,4,4,0
MTL,Jesse Ylönen,yloneje01,59,4,4,8,50,41,32,12,604,10.24,8.00%,4,0,0,1,4,0,0
PHI,Cameron York,yorkca01,82,10,20,30,134,76,174,44,1854.78,22.62,7.46%,10,0,0,1,12,6,2
BOS,Pavel Zacha,zachapa01,78,21,38,59,148,106,34,18,1412.32,18.11,14.19%,15,6,0,6,29,9,0
SJS,Filip Zadina,zadinfi01,72,13,10,23,137,55,28,18,960.47,13.34,9.49%,10,3,0,3,9,1,0
CGY,Nikita Zadorov,zadorni01,21,1,5,6,29,53,19,23,386.47,18.4,3.45%,1,0,0,0,5,0,0
VAN,Nikita Zadorov,zadorni01,54,5,9,14,61,124,49,102,921.6,17.07,8.20%,5,0,0,1,8,0,1
CHI,Nikita Zaitsev,zaitsni01,38,2,5,7,31,69,70,14,605.37,15.93,6.45%,2,0,0,0,3,2,0
PHI,Yegor Zamula,zamulye01,66,5,16,21,61,37,79,32,1059.78,16.06,8.20%,3,2,0,1,8,7,1
CGY,Connor Zary,zaryco01,63,14,20,34,90,29,29,22,962.23,15.27,15.56%,13,1,0,3,17,3,0
ANA,Trevor Zegras,zegratr01,31,6,9,15,73,16,15,30,529.73,17.09,8.22%,5,1,0,1,9,0,0
ANA,Olen Zellweger,zellwol01,26,2,7,9,34,14,38,4,501.4,19.28,5.88%,2,0,0,0,5,2,0
SJS,Fabian Zetterlund,zettefa01,82,24,20,44,204,120,71,33,1546.2,18.86,11.76%,17,6,1,0,10,10,0
NYR,Mika Zibanejad,zibanmi01,81,26,46,72,221,49,55,30,1599.25,19.74,11.76%,12,12,2,3,23,19,4
PIT,Radim Zohorna,zohorra01,32,4,3,7,38,43,5,18,317.8,9.93,10.53%,4,0,0,1,3,0,0
CAR,Radim Zohorna,zohorra01,1,0,0,0,0,1,0,0,4.43,4.43,--,0,0,0,0,0,0,0
OTT,Artem Zub,zubar01,69,5,20,25,85,139,122,32,1450.25,21.02,5.88%,4,0,1,0,20,0,0
MIN,Mats Zuccarello,zuccama01,69,12,51,63,173,26,50,30,1303.58,18.89,6.94%,7,5,0,1,23,28,0
ARI,Jason Zucker,zuckeja01,51,9,16,25,104,74,14,58,716.05,14.04,8.65%,5,4,0,0,11,5,0
NSH,Jason Zucker,zuckeja01,18,5,2,7,46,24,4,23,237.8,13.21,10.87%,4,1,0,0,2,0,0
